﻿fname,s,w,class0,class1,class2,class3,class4,class5,class6,class7,class8,class9,class10,class11,class12,class13,class14,class15,class16,class17,class18,class19,class20,class21,class22,class23,class24,class25,class26,class27,class28,class29,class30,class31,class32,class33,class34,class35,class36,class37,class38,class39,class40,class41,class42,class43,class44,class45,class46,class47,class48,class49,class50,class51,class52,class53,class54,class55,class56,class57,class58,class59,class60,class61,class62,class63,class64,class65,class66,class67,class68,class69,class70,class71,class72,class73,class74,class75,class76,class77,class78,class79,class80,class81,class82,class83,class84,class85,class86,class87,class88,class89,class90,class91,class92,class93,class94,class95,class96,class97,class98,class99,class100,class101,class102,class103,class104,class105,class106,class107,class108,class109,class110,class111,class112,class113,class114,class115,class116,class117,class118,class119,class120,class121,class122,class123,class124,class125,class126,class127,class128,class129,class130,class131,class132
G:\ML\learn20240705_m15_shijukara\data\sounds\kumamoto_ashikita_soshicho_uguisu.wav,0,5,soshicho1,uguisu1,,,,,,,,,,,,,,,,,,,,,,,,,,,,,,,,,,,,,,,,,,,,,,,,,,,,,,,,,,,,,,,,,,,,,,,,,,,,,,,,,,,,,,,,,,,,,,,,,,,,,,,,,,,,,,,,,,,,,,,,,,,,,,,,,,,
G:\ML\learn20240705_m15_shijukara\data\sounds\kumamoto_ashikita_soshicho_uguisu.wav,5,5,soshicho1,uguisu1,,,,,,,,,,,,,,,,,,,,,,,,,,,,,,,,,,,,,,,,,,,,,,,,,,,,,,,,,,,,,,,,,,,,,,,,,,,,,,,,,,,,,,,,,,,,,,,,,,,,,,,,,,,,,,,,,,,,,,,,,,,,,,,,,,,
G:\ML\learn20240705_m15_shijukara\data\sounds\kumamoto_ashikita_soshicho_uguisu.wav,10,5,uguisu1,,,,,,,,,,,,,,,,,,,,,,,,,,,,,,,,,,,,,,,,,,,,,,,,,,,,,,,,,,,,,,,,,,,,,,,,,,,,,,,,,,,,,,,,,,,,,,,,,,,,,,,,,,,,,,,,,,,,,,,,,,,,,,,,,,,,
G:\ML\learn20240705_m15_shijukara\data\sounds\kumamoto_ashikita_soshicho_uguisu.wav,15,5,soshicho1,,,,,,,,,,,,,,,,,,,,,,,,,,,,,,,,,,,,,,,,,,,,,,,,,,,,,,,,,,,,,,,,,,,,,,,,,,,,,,,,,,,,,,,,,,,,,,,,,,,,,,,,,,,,,,,,,,,,,,,,,,,,,,,,,,,,
G:\ML\learn20240705_m15_shijukara\data\sounds\kumamoto_ashikita_soshicho_uguisu.wav,20,5,bird,uguisu1,,,,,,,,,,,,,,,,,,,,,,,,,,,,,,,,,,,,,,,,,,,,,,,,,,,,,,,,,,,,,,,,,,,,,,,,,,,,,,,,,,,,,,,,,,,,,,,,,,,,,,,,,,,,,,,,,,,,,,,,,,,,,,,,,,,
G:\ML\learn20240705_m15_shijukara\data\sounds\kumamoto_ashikita_soshicho_uguisu.wav,25,5,soshicho1,uguisu1,,,,,,,,,,,,,,,,,,,,,,,,,,,,,,,,,,,,,,,,,,,,,,,,,,,,,,,,,,,,,,,,,,,,,,,,,,,,,,,,,,,,,,,,,,,,,,,,,,,,,,,,,,,,,,,,,,,,,,,,,,,,,,,,,,,
G:\ML\learn20240705_m15_shijukara\data\sounds\kumamoto_ashikita_soshicho_uguisu.wav,30,5,soshicho1,,,,,,,,,,,,,,,,,,,,,,,,,,,,,,,,,,,,,,,,,,,,,,,,,,,,,,,,,,,,,,,,,,,,,,,,,,,,,,,,,,,,,,,,,,,,,,,,,,,,,,,,,,,,,,,,,,,,,,,,,,,,,,,,,,,,
G:\ML\learn20240705_m15_shijukara\data\sounds\kumamoto_ashikita_soshicho_uguisu.wav,35,5,uguisu1,,,,,,,,,,,,,,,,,,,,,,,,,,,,,,,,,,,,,,,,,,,,,,,,,,,,,,,,,,,,,,,,,,,,,,,,,,,,,,,,,,,,,,,,,,,,,,,,,,,,,,,,,,,,,,,,,,,,,,,,,,,,,,,,,,,,
G:\ML\learn20240705_m15_shijukara\data\sounds\kumamoto_ashikita_soshicho_uguisu.wav,40,5,soshicho1,uguisu1,,,,,,,,,,,,,,,,,,,,,,,,,,,,,,,,,,,,,,,,,,,,,,,,,,,,,,,,,,,,,,,,,,,,,,,,,,,,,,,,,,,,,,,,,,,,,,,,,,,,,,,,,,,,,,,,,,,,,,,,,,,,,,,,,,,
G:\ML\learn20240705_m15_shijukara\data\sounds\kumamoto_ashikita_soshicho_uguisu.wav,45,5,soshicho1,,,,,,,,,,,,,,,,,,,,,,,,,,,,,,,,,,,,,,,,,,,,,,,,,,,,,,,,,,,,,,,,,,,,,,,,,,,,,,,,,,,,,,,,,,,,,,,,,,,,,,,,,,,,,,,,,,,,,,,,,,,,,,,,,,,,
G:\ML\learn20240705_m15_shijukara\data\sounds\kumamoto_ashikita_soshicho_uguisu.wav,50,5,wind,,,,,,,,,,,,,,,,,,,,,,,,,,,,,,,,,,,,,,,,,,,,,,,,,,,,,,,,,,,,,,,,,,,,,,,,,,,,,,,,,,,,,,,,,,,,,,,,,,,,,,,,,,,,,,,,,,,,,,,,,,,,,,,,,,,,
G:\ML\learn20240705_m15_shijukara\data\sounds\kumamoto_ashikita_soshicho_uguisu.wav,55,5,uguisu1,,,,,,,,,,,,,,,,,,,,,,,,,,,,,,,,,,,,,,,,,,,,,,,,,,,,,,,,,,,,,,,,,,,,,,,,,,,,,,,,,,,,,,,,,,,,,,,,,,,,,,,,,,,,,,,,,,,,,,,,,,,,,,,,,,,,
G:\ML\learn20240705_m15_shijukara\data\sounds\kumamoto_ashikita_soshicho_uguisu.wav,60,5,soshicho1,,,,,,,,,,,,,,,,,,,,,,,,,,,,,,,,,,,,,,,,,,,,,,,,,,,,,,,,,,,,,,,,,,,,,,,,,,,,,,,,,,,,,,,,,,,,,,,,,,,,,,,,,,,,,,,,,,,,,,,,,,,,,,,,,,,,
G:\ML\learn20240705_m15_shijukara\data\sounds\kumamoto_ashikita_soshicho_uguisu.wav,65,5,uguisu1,,,,,,,,,,,,,,,,,,,,,,,,,,,,,,,,,,,,,,,,,,,,,,,,,,,,,,,,,,,,,,,,,,,,,,,,,,,,,,,,,,,,,,,,,,,,,,,,,,,,,,,,,,,,,,,,,,,,,,,,,,,,,,,,,,,,
G:\ML\learn20240705_m15_shijukara\data\sounds\kumamoto_ashikita_soshicho_uguisu.wav,70,5,soshicho1,,,,,,,,,,,,,,,,,,,,,,,,,,,,,,,,,,,,,,,,,,,,,,,,,,,,,,,,,,,,,,,,,,,,,,,,,,,,,,,,,,,,,,,,,,,,,,,,,,,,,,,,,,,,,,,,,,,,,,,,,,,,,,,,,,,,
G:\ML\learn20240705_m15_shijukara\data\sounds\kumamoto_ashikita_soshicho_uguisu.wav,75,5,soshicho1,uguisu1,,,,,,,,,,,,,,,,,,,,,,,,,,,,,,,,,,,,,,,,,,,,,,,,,,,,,,,,,,,,,,,,,,,,,,,,,,,,,,,,,,,,,,,,,,,,,,,,,,,,,,,,,,,,,,,,,,,,,,,,,,,,,,,,,,,
G:\ML\learn20240705_m15_shijukara\data\sounds\kumamoto_ashikita_soshicho_uguisu.wav,80,5,soshicho1,,,,,,,,,,,,,,,,,,,,,,,,,,,,,,,,,,,,,,,,,,,,,,,,,,,,,,,,,,,,,,,,,,,,,,,,,,,,,,,,,,,,,,,,,,,,,,,,,,,,,,,,,,,,,,,,,,,,,,,,,,,,,,,,,,,,
G:\ML\learn20240705_m15_shijukara\data\sounds\kumamoto_ashikita_tsutsudori.wav,0,5,tsutsudori,,,,,,,,,,,,,,,,,,,,,,,,,,,,,,,,,,,,,,,,,,,,,,,,,,,,,,,,,,,,,,,,,,,,,,,,,,,,,,,,,,,,,,,,,,,,,,,,,,,,,,,,,,,,,,,,,,,,,,,,,,,,,,,,,,,,
G:\ML\learn20240705_m15_shijukara\data\sounds\kumamoto_ashikita_tsutsudori.wav,5,5,hiyodori,wind,,,,,,,,,,,,,,,,,,,,,,,,,,,,,,,,,,,,,,,,,,,,,,,,,,,,,,,,,,,,,,,,,,,,,,,,,,,,,,,,,,,,,,,,,,,,,,,,,,,,,,,,,,,,,,,,,,,,,,,,,,,,,,,,,,,
G:\ML\learn20240705_m15_shijukara\data\sounds\kumamoto_kumamoto_hiyodori_aburazemi_tsukutsukuboushi.wav,0,5,insect23,insect28,,,,,,,,,,,,,,,,,,,,,,,,,,,,,,,,,,,,,,,,,,,,,,,,,,,,,,,,,,,,,,,,,,,,,,,,,,,,,,,,,,,,,,,,,,,,,,,,,,,,,,,,,,,,,,,,,,,,,,,,,,,,,,,,,,,
G:\ML\learn20240705_m15_shijukara\data\sounds\kumamoto_kumamoto_hiyodori_aburazemi_tsukutsukuboushi.wav,5,5,insect28,,,,,,,,,,,,,,,,,,,,,,,,,,,,,,,,,,,,,,,,,,,,,,,,,,,,,,,,,,,,,,,,,,,,,,,,,,,,,,,,,,,,,,,,,,,,,,,,,,,,,,,,,,,,,,,,,,,,,,,,,,,,,,,,,,,,
G:\ML\learn20240705_m15_shijukara\data\sounds\kumamoto_kumamoto_hiyodori_aburazemi_tsukutsukuboushi.wav,10,5,insect23,insect28,,,,,,,,,,,,,,,,,,,,,,,,,,,,,,,,,,,,,,,,,,,,,,,,,,,,,,,,,,,,,,,,,,,,,,,,,,,,,,,,,,,,,,,,,,,,,,,,,,,,,,,,,,,,,,,,,,,,,,,,,,,,,,,,,,,
G:\ML\learn20240705_m15_shijukara\data\sounds\kumamoto_kumamoto_hiyodori_aburazemi_tsukutsukuboushi.wav,15,5,hiyodori,insect23,,,,,,,,,,,,,,,,,,,,,,,,,,,,,,,,,,,,,,,,,,,,,,,,,,,,,,,,,,,,,,,,,,,,,,,,,,,,,,,,,,,,,,,,,,,,,,,,,,,,,,,,,,,,,,,,,,,,,,,,,,,,,,,,,,,
G:\ML\learn20240705_m15_shijukara\data\sounds\kumamoto_kumamoto_hiyodori_aburazemi_tsukutsukuboushi.wav,20,5,hiyodori,insect23,,,,,,,,,,,,,,,,,,,,,,,,,,,,,,,,,,,,,,,,,,,,,,,,,,,,,,,,,,,,,,,,,,,,,,,,,,,,,,,,,,,,,,,,,,,,,,,,,,,,,,,,,,,,,,,,,,,,,,,,,,,,,,,,,,,
G:\ML\learn20240705_m15_shijukara\data\sounds\kumamoto_kumamoto_hiyodori_aburazemi_tsukutsukuboushi.wav,25,5,insect23,insect28,,,,,,,,,,,,,,,,,,,,,,,,,,,,,,,,,,,,,,,,,,,,,,,,,,,,,,,,,,,,,,,,,,,,,,,,,,,,,,,,,,,,,,,,,,,,,,,,,,,,,,,,,,,,,,,,,,,,,,,,,,,,,,,,,,,
G:\ML\learn20240705_m15_shijukara\data\sounds\kumamoto_kumamoto_hiyodori_aburazemi_tsukutsukuboushi.wav,30,5,insect23,insect28,,,,,,,,,,,,,,,,,,,,,,,,,,,,,,,,,,,,,,,,,,,,,,,,,,,,,,,,,,,,,,,,,,,,,,,,,,,,,,,,,,,,,,,,,,,,,,,,,,,,,,,,,,,,,,,,,,,,,,,,,,,,,,,,,,,
G:\ML\learn20240705_m15_shijukara\data\sounds\kumamoto_kumamoto_hiyodori_aburazemi_tsukutsukuboushi.wav,35,5,insect23,insect28,,,,,,,,,,,,,,,,,,,,,,,,,,,,,,,,,,,,,,,,,,,,,,,,,,,,,,,,,,,,,,,,,,,,,,,,,,,,,,,,,,,,,,,,,,,,,,,,,,,,,,,,,,,,,,,,,,,,,,,,,,,,,,,,,,,
G:\ML\learn20240705_m15_shijukara\data\sounds\kumamoto_kumamoto_hiyodori_aburazemi_tsukutsukuboushi.wav,40,5,insect23,insect28,,,,,,,,,,,,,,,,,,,,,,,,,,,,,,,,,,,,,,,,,,,,,,,,,,,,,,,,,,,,,,,,,,,,,,,,,,,,,,,,,,,,,,,,,,,,,,,,,,,,,,,,,,,,,,,,,,,,,,,,,,,,,,,,,,,
G:\ML\learn20240705_m15_shijukara\data\sounds\kumamoto_kumamoto_hiyodori_aburazemi_tsukutsukuboushi.wav,45,5,insect23,insect28,,,,,,,,,,,,,,,,,,,,,,,,,,,,,,,,,,,,,,,,,,,,,,,,,,,,,,,,,,,,,,,,,,,,,,,,,,,,,,,,,,,,,,,,,,,,,,,,,,,,,,,,,,,,,,,,,,,,,,,,,,,,,,,,,,,
G:\ML\learn20240705_m15_shijukara\data\sounds\kumamoto_kumamoto_hiyodori_aburazemi_tsukutsukuboushi.wav,50,5,insect23,,,,,,,,,,,,,,,,,,,,,,,,,,,,,,,,,,,,,,,,,,,,,,,,,,,,,,,,,,,,,,,,,,,,,,,,,,,,,,,,,,,,,,,,,,,,,,,,,,,,,,,,,,,,,,,,,,,,,,,,,,,,,,,,,,,,
G:\ML\learn20240705_m15_shijukara\data\sounds\kumamoto_kumamoto_hiyodori_aburazemi_tsukutsukuboushi.wav,55,5,insect23,insect28,,,,,,,,,,,,,,,,,,,,,,,,,,,,,,,,,,,,,,,,,,,,,,,,,,,,,,,,,,,,,,,,,,,,,,,,,,,,,,,,,,,,,,,,,,,,,,,,,,,,,,,,,,,,,,,,,,,,,,,,,,,,,,,,,,,
G:\ML\learn20240705_m15_shijukara\data\sounds\kumamoto_kumamoto_hiyodori_aburazemi_tsukutsukuboushi.wav,60,5,insect23,insect28,,,,,,,,,,,,,,,,,,,,,,,,,,,,,,,,,,,,,,,,,,,,,,,,,,,,,,,,,,,,,,,,,,,,,,,,,,,,,,,,,,,,,,,,,,,,,,,,,,,,,,,,,,,,,,,,,,,,,,,,,,,,,,,,,,,
G:\ML\learn20240705_m15_shijukara\data\sounds\kumamoto_kumamoto_hiyodori_aburazemi_tsukutsukuboushi.wav,65,5,insect28,,,,,,,,,,,,,,,,,,,,,,,,,,,,,,,,,,,,,,,,,,,,,,,,,,,,,,,,,,,,,,,,,,,,,,,,,,,,,,,,,,,,,,,,,,,,,,,,,,,,,,,,,,,,,,,,,,,,,,,,,,,,,,,,,,,,
G:\ML\learn20240705_m15_shijukara\data\sounds\kumamoto_kumamoto_hiyodori_aburazemi_tsukutsukuboushi.wav,70,5,insect23,insect28,,,,,,,,,,,,,,,,,,,,,,,,,,,,,,,,,,,,,,,,,,,,,,,,,,,,,,,,,,,,,,,,,,,,,,,,,,,,,,,,,,,,,,,,,,,,,,,,,,,,,,,,,,,,,,,,,,,,,,,,,,,,,,,,,,,
G:\ML\learn20240705_m15_shijukara\data\sounds\kumamoto_kumamoto_kawarahiwa.wav,0,5,kawarahiwa,,,,,,,,,,,,,,,,,,,,,,,,,,,,,,,,,,,,,,,,,,,,,,,,,,,,,,,,,,,,,,,,,,,,,,,,,,,,,,,,,,,,,,,,,,,,,,,,,,,,,,,,,,,,,,,,,,,,,,,,,,,,,,,,,,,,
G:\ML\learn20240705_m15_shijukara\data\sounds\kumamoto_kumamoto_kawarahiwa.wav,5,5,ND,,,,,,,,,,,,,,,,,,,,,,,,,,,,,,,,,,,,,,,,,,,,,,,,,,,,,,,,,,,,,,,,,,,,,,,,,,,,,,,,,,,,,,,,,,,,,,,,,,,,,,,,,,,,,,,,,,,,,,,,,,,,,,,,,,,,
G:\ML\learn20240705_m15_shijukara\data\sounds\kumamoto_kumamoto_kawarahiwa.wav,10,5,rain,ruribitaki2,,,,,,,,,,,,,,,,,,,,,,,,,,,,,,,,,,,,,,,,,,,,,,,,,,,,,,,,,,,,,,,,,,,,,,,,,,,,,,,,,,,,,,,,,,,,,,,,,,,,,,,,,,,,,,,,,,,,,,,,,,,,,,,,,,,
G:\ML\learn20240705_m15_shijukara\data\sounds\kumamoto_kumamoto_kawarahiwa.wav,15,5,ND,,,,,,,,,,,,,,,,,,,,,,,,,,,,,,,,,,,,,,,,,,,,,,,,,,,,,,,,,,,,,,,,,,,,,,,,,,,,,,,,,,,,,,,,,,,,,,,,,,,,,,,,,,,,,,,,,,,,,,,,,,,,,,,,,,,,
G:\ML\learn20240705_m15_shijukara\data\sounds\kumamoto_kumamoto_kawarahiwa.wav,20,5,ND,,,,,,,,,,,,,,,,,,,,,,,,,,,,,,,,,,,,,,,,,,,,,,,,,,,,,,,,,,,,,,,,,,,,,,,,,,,,,,,,,,,,,,,,,,,,,,,,,,,,,,,,,,,,,,,,,,,,,,,,,,,,,,,,,,,,
G:\ML\learn20240705_m15_shijukara\data\sounds\kumamoto_kumamoto_kawarahiwa.wav,25,5,ND,,,,,,,,,,,,,,,,,,,,,,,,,,,,,,,,,,,,,,,,,,,,,,,,,,,,,,,,,,,,,,,,,,,,,,,,,,,,,,,,,,,,,,,,,,,,,,,,,,,,,,,,,,,,,,,,,,,,,,,,,,,,,,,,,,,,
G:\ML\learn20240705_m15_shijukara\data\sounds\kumamoto_kumamoto_kawarahiwa.wav,30,5,music,,,,,,,,,,,,,,,,,,,,,,,,,,,,,,,,,,,,,,,,,,,,,,,,,,,,,,,,,,,,,,,,,,,,,,,,,,,,,,,,,,,,,,,,,,,,,,,,,,,,,,,,,,,,,,,,,,,,,,,,,,,,,,,,,,,,
G:\ML\learn20240705_m15_shijukara\data\sounds\kumamoto_tamana_hohjiro.wav,0,5,hohjiro,wind,,,,,,,,,,,,,,,,,,,,,,,,,,,,,,,,,,,,,,,,,,,,,,,,,,,,,,,,,,,,,,,,,,,,,,,,,,,,,,,,,,,,,,,,,,,,,,,,,,,,,,,,,,,,,,,,,,,,,,,,,,,,,,,,,,,
G:\ML\learn20240705_m15_shijukara\data\sounds\kumamoto_tamana_hohjiro.wav,5,5,hibari,wind,,,,,,,,,,,,,,,,,,,,,,,,,,,,,,,,,,,,,,,,,,,,,,,,,,,,,,,,,,,,,,,,,,,,,,,,,,,,,,,,,,,,,,,,,,,,,,,,,,,,,,,,,,,,,,,,,,,,,,,,,,,,,,,,,,,
G:\ML\learn20240705_m15_shijukara\data\sounds\kumamoto_tamana_hohjiro.wav,10,5,hibari,hohjiro,wind,,,,,,,,,,,,,,,,,,,,,,,,,,,,,,,,,,,,,,,,,,,,,,,,,,,,,,,,,,,,,,,,,,,,,,,,,,,,,,,,,,,,,,,,,,,,,,,,,,,,,,,,,,,,,,,,,,,,,,,,,,,,,,,,,,
G:\ML\learn20240705_m15_shijukara\data\sounds\kumamoto_tamana_hohjiro.wav,15,5,hohjiro,,,,,,,,,,,,,,,,,,,,,,,,,,,,,,,,,,,,,,,,,,,,,,,,,,,,,,,,,,,,,,,,,,,,,,,,,,,,,,,,,,,,,,,,,,,,,,,,,,,,,,,,,,,,,,,,,,,,,,,,,,,,,,,,,,,,
G:\ML\learn20240705_m15_shijukara\data\sounds\kumamoto_tamana_hohjiro.wav,20,5,hibari,,,,,,,,,,,,,,,,,,,,,,,,,,,,,,,,,,,,,,,,,,,,,,,,,,,,,,,,,,,,,,,,,,,,,,,,,,,,,,,,,,,,,,,,,,,,,,,,,,,,,,,,,,,,,,,,,,,,,,,,,,,,,,,,,,,,
G:\ML\learn20240705_m15_shijukara\data\sounds\kumamoto_tamana_hohjiro.wav,25,5,hohjiro,,,,,,,,,,,,,,,,,,,,,,,,,,,,,,,,,,,,,,,,,,,,,,,,,,,,,,,,,,,,,,,,,,,,,,,,,,,,,,,,,,,,,,,,,,,,,,,,,,,,,,,,,,,,,,,,,,,,,,,,,,,,,,,,,,,,
G:\ML\learn20240705_m15_shijukara\data\sounds\kumamoto_tamana_hohjiro.wav,30,5,hohjiro,,,,,,,,,,,,,,,,,,,,,,,,,,,,,,,,,,,,,,,,,,,,,,,,,,,,,,,,,,,,,,,,,,,,,,,,,,,,,,,,,,,,,,,,,,,,,,,,,,,,,,,,,,,,,,,,,,,,,,,,,,,,,,,,,,,,
G:\ML\learn20240705_m15_shijukara\data\sounds\kumamoto_tamana_hohjiro.wav,35,5,hohjiro,,,,,,,,,,,,,,,,,,,,,,,,,,,,,,,,,,,,,,,,,,,,,,,,,,,,,,,,,,,,,,,,,,,,,,,,,,,,,,,,,,,,,,,,,,,,,,,,,,,,,,,,,,,,,,,,,,,,,,,,,,,,,,,,,,,,
G:\ML\learn20240705_m15_shijukara\data\sounds\kumamoto_tamana_hohjiro.wav,40,5,car,hohjiro,,,,,,,,,,,,,,,,,,,,,,,,,,,,,,,,,,,,,,,,,,,,,,,,,,,,,,,,,,,,,,,,,,,,,,,,,,,,,,,,,,,,,,,,,,,,,,,,,,,,,,,,,,,,,,,,,,,,,,,,,,,,,,,,,,,
G:\ML\learn20240705_m15_shijukara\data\sounds\kumamoto_tamana_hohjiro.wav,45,5,car,hohjiro,,,,,,,,,,,,,,,,,,,,,,,,,,,,,,,,,,,,,,,,,,,,,,,,,,,,,,,,,,,,,,,,,,,,,,,,,,,,,,,,,,,,,,,,,,,,,,,,,,,,,,,,,,,,,,,,,,,,,,,,,,,,,,,,,,,
G:\ML\learn20240705_m15_shijukara\data\sounds\kumamoto_tamana_hohjiro.wav,50,5,ND,,,,,,,,,,,,,,,,,,,,,,,,,,,,,,,,,,,,,,,,,,,,,,,,,,,,,,,,,,,,,,,,,,,,,,,,,,,,,,,,,,,,,,,,,,,,,,,,,,,,,,,,,,,,,,,,,,,,,,,,,,,,,,,,,,,,
G:\ML\learn20240705_m15_shijukara\data\sounds\kumamoto_tamana_hohjiro.wav,55,5,car,,,,,,,,,,,,,,,,,,,,,,,,,,,,,,,,,,,,,,,,,,,,,,,,,,,,,,,,,,,,,,,,,,,,,,,,,,,,,,,,,,,,,,,,,,,,,,,,,,,,,,,,,,,,,,,,,,,,,,,,,,,,,,,,,,,,
G:\ML\learn20240705_m15_shijukara\data\sounds\kumamoto_tensui_hibari_karasu.wav,0,5,hibari,wind,,,,,,,,,,,,,,,,,,,,,,,,,,,,,,,,,,,,,,,,,,,,,,,,,,,,,,,,,,,,,,,,,,,,,,,,,,,,,,,,,,,,,,,,,,,,,,,,,,,,,,,,,,,,,,,,,,,,,,,,,,,,,,,,,,,
G:\ML\learn20240705_m15_shijukara\data\sounds\kumamoto_tensui_hibari_karasu.wav,5,5,hibari,karasu1,wind,,,,,,,,,,,,,,,,,,,,,,,,,,,,,,,,,,,,,,,,,,,,,,,,,,,,,,,,,,,,,,,,,,,,,,,,,,,,,,,,,,,,,,,,,,,,,,,,,,,,,,,,,,,,,,,,,,,,,,,,,,,,,,,,,,
G:\ML\learn20240705_m15_shijukara\data\sounds\kumamoto_tensui_hibari_karasu.wav,10,5,hibari,karasu1,wind,,,,,,,,,,,,,,,,,,,,,,,,,,,,,,,,,,,,,,,,,,,,,,,,,,,,,,,,,,,,,,,,,,,,,,,,,,,,,,,,,,,,,,,,,,,,,,,,,,,,,,,,,,,,,,,,,,,,,,,,,,,,,,,,,,
G:\ML\learn20240705_m15_shijukara\data\sounds\kumamoto_tensui_hibari_karasu.wav,15,5,wind,,,,,,,,,,,,,,,,,,,,,,,,,,,,,,,,,,,,,,,,,,,,,,,,,,,,,,,,,,,,,,,,,,,,,,,,,,,,,,,,,,,,,,,,,,,,,,,,,,,,,,,,,,,,,,,,,,,,,,,,,,,,,,,,,,,,
G:\ML\learn20240705_m15_shijukara\data\sounds\kumamoto_tensui_hibari_karasu.wav,20,5,hibari,karasu1,wind,,,,,,,,,,,,,,,,,,,,,,,,,,,,,,,,,,,,,,,,,,,,,,,,,,,,,,,,,,,,,,,,,,,,,,,,,,,,,,,,,,,,,,,,,,,,,,,,,,,,,,,,,,,,,,,,,,,,,,,,,,,,,,,,,,
G:\ML\learn20240705_m15_shijukara\data\sounds\kumamoto_yatsushioro_hashibosogarasu_ikaru.wav,0,5,karasu2,,,,,,,,,,,,,,,,,,,,,,,,,,,,,,,,,,,,,,,,,,,,,,,,,,,,,,,,,,,,,,,,,,,,,,,,,,,,,,,,,,,,,,,,,,,,,,,,,,,,,,,,,,,,,,,,,,,,,,,,,,,,,,,,,,,,
G:\ML\learn20240705_m15_shijukara\data\sounds\kumamoto_yatsushioro_nihonjika.wav,0,5,shika,wind,,,,,,,,,,,,,,,,,,,,,,,,,,,,,,,,,,,,,,,,,,,,,,,,,,,,,,,,,,,,,,,,,,,,,,,,,,,,,,,,,,,,,,,,,,,,,,,,,,,,,,,,,,,,,,,,,,,,,,,,,,,,,,,,,,,
G:\ML\learn20240705_m15_shijukara\data\sounds\kumamoto_yatsushioro_nihonjika.wav,5,5,mejiro1,ootoratsugumi,,,,,,,,,,,,,,,,,,,,,,,,,,,,,,,,,,,,,,,,,,,,,,,,,,,,,,,,,,,,,,,,,,,,,,,,,,,,,,,,,,,,,,,,,,,,,,,,,,,,,,,,,,,,,,,,,,,,,,,,,,,,,,,,,,,
G:\ML\learn20240705_m15_shijukara\data\sounds\kumamoto_yatsushiro_hiyodori.wav,0,5,hiyodori,,,,,,,,,,,,,,,,,,,,,,,,,,,,,,,,,,,,,,,,,,,,,,,,,,,,,,,,,,,,,,,,,,,,,,,,,,,,,,,,,,,,,,,,,,,,,,,,,,,,,,,,,,,,,,,,,,,,,,,,,,,,,,,,,,,,
G:\ML\learn20240705_m15_shijukara\data\sounds\kumamoto_yatsushiro_hiyodori.wav,5,5,hiyodori,,,,,,,,,,,,,,,,,,,,,,,,,,,,,,,,,,,,,,,,,,,,,,,,,,,,,,,,,,,,,,,,,,,,,,,,,,,,,,,,,,,,,,,,,,,,,,,,,,,,,,,,,,,,,,,,,,,,,,,,,,,,,,,,,,,,
G:\ML\learn20240705_m15_shijukara\data\sounds\kumamoto_yatsushiro_hiyodori.wav,10,5,hiyodori,,,,,,,,,,,,,,,,,,,,,,,,,,,,,,,,,,,,,,,,,,,,,,,,,,,,,,,,,,,,,,,,,,,,,,,,,,,,,,,,,,,,,,,,,,,,,,,,,,,,,,,,,,,,,,,,,,,,,,,,,,,,,,,,,,,,
G:\ML\learn20240705_m15_shijukara\data\sounds\kumamoto_yatsushiro_hiyodori.wav,15,5,hiyodori,,,,,,,,,,,,,,,,,,,,,,,,,,,,,,,,,,,,,,,,,,,,,,,,,,,,,,,,,,,,,,,,,,,,,,,,,,,,,,,,,,,,,,,,,,,,,,,,,,,,,,,,,,,,,,,,,,,,,,,,,,,,,,,,,,,,
G:\ML\learn20240705_m15_shijukara\data\sounds\kumamoto_yatsushiro_hiyodori.wav,20,5,hiyodori,,,,,,,,,,,,,,,,,,,,,,,,,,,,,,,,,,,,,,,,,,,,,,,,,,,,,,,,,,,,,,,,,,,,,,,,,,,,,,,,,,,,,,,,,,,,,,,,,,,,,,,,,,,,,,,,,,,,,,,,,,,,,,,,,,,,
G:\ML\learn20240705_m15_shijukara\data\sounds\kumamoto_yatsushiro_hiyodori.wav,25,5,hiyodori,,,,,,,,,,,,,,,,,,,,,,,,,,,,,,,,,,,,,,,,,,,,,,,,,,,,,,,,,,,,,,,,,,,,,,,,,,,,,,,,,,,,,,,,,,,,,,,,,,,,,,,,,,,,,,,,,,,,,,,,,,,,,,,,,,,,
G:\ML\learn20240705_m15_shijukara\data\sounds\kumamoto_yatsushiro_hiyodori.wav,30,5,hiyodori,,,,,,,,,,,,,,,,,,,,,,,,,,,,,,,,,,,,,,,,,,,,,,,,,,,,,,,,,,,,,,,,,,,,,,,,,,,,,,,,,,,,,,,,,,,,,,,,,,,,,,,,,,,,,,,,,,,,,,,,,,,,,,,,,,,,
G:\ML\learn20240705_m15_shijukara\data\sounds\kumamoto_yatsushiro_hiyodori.wav,35,5,hiyodori,,,,,,,,,,,,,,,,,,,,,,,,,,,,,,,,,,,,,,,,,,,,,,,,,,,,,,,,,,,,,,,,,,,,,,,,,,,,,,,,,,,,,,,,,,,,,,,,,,,,,,,,,,,,,,,,,,,,,,,,,,,,,,,,,,,,
G:\ML\learn20240705_m15_shijukara\data\sounds\kumamoto_yatsushiro_hiyodori.wav,40,5,hiyodori,,,,,,,,,,,,,,,,,,,,,,,,,,,,,,,,,,,,,,,,,,,,,,,,,,,,,,,,,,,,,,,,,,,,,,,,,,,,,,,,,,,,,,,,,,,,,,,,,,,,,,,,,,,,,,,,,,,,,,,,,,,,,,,,,,,,
G:\ML\learn20240705_m15_shijukara\data\sounds\kumamoto_yatsushiro_hiyodori.wav,45,5,hiyodori,,,,,,,,,,,,,,,,,,,,,,,,,,,,,,,,,,,,,,,,,,,,,,,,,,,,,,,,,,,,,,,,,,,,,,,,,,,,,,,,,,,,,,,,,,,,,,,,,,,,,,,,,,,,,,,,,,,,,,,,,,,,,,,,,,,,
G:\ML\learn20240705_m15_shijukara\data\sounds\kumamoto_yatsushiro_hiyodori.wav,50,5,hiyodori,,,,,,,,,,,,,,,,,,,,,,,,,,,,,,,,,,,,,,,,,,,,,,,,,,,,,,,,,,,,,,,,,,,,,,,,,,,,,,,,,,,,,,,,,,,,,,,,,,,,,,,,,,,,,,,,,,,,,,,,,,,,,,,,,,,,
G:\ML\learn20240705_m15_shijukara\data\sounds\kumamoto_yatsushiro_hiyodori.wav,55,5,hiyodori,,,,,,,,,,,,,,,,,,,,,,,,,,,,,,,,,,,,,,,,,,,,,,,,,,,,,,,,,,,,,,,,,,,,,,,,,,,,,,,,,,,,,,,,,,,,,,,,,,,,,,,,,,,,,,,,,,,,,,,,,,,,,,,,,,,,
G:\ML\learn20240705_m15_shijukara\data\sounds\kumamoto_yatsushiro_hiyodori.wav,60,5,hiyodori,,,,,,,,,,,,,,,,,,,,,,,,,,,,,,,,,,,,,,,,,,,,,,,,,,,,,,,,,,,,,,,,,,,,,,,,,,,,,,,,,,,,,,,,,,,,,,,,,,,,,,,,,,,,,,,,,,,,,,,,,,,,,,,,,,,,
G:\ML\learn20240705_m15_shijukara\data\sounds\kumamoto_yatsushiro_hiyodori.wav,65,5,hiyodori,,,,,,,,,,,,,,,,,,,,,,,,,,,,,,,,,,,,,,,,,,,,,,,,,,,,,,,,,,,,,,,,,,,,,,,,,,,,,,,,,,,,,,,,,,,,,,,,,,,,,,,,,,,,,,,,,,,,,,,,,,,,,,,,,,,,
G:\ML\learn20240705_m15_shijukara\data\sounds\kumamoto_yatsushiro_hiyodori.wav,70,5,hiyodori,,,,,,,,,,,,,,,,,,,,,,,,,,,,,,,,,,,,,,,,,,,,,,,,,,,,,,,,,,,,,,,,,,,,,,,,,,,,,,,,,,,,,,,,,,,,,,,,,,,,,,,,,,,,,,,,,,,,,,,,,,,,,,,,,,,,
G:\ML\learn20240705_m15_shijukara\data\sounds\kumamoto_yatsushiro_hiyodori.wav,75,5,hiyodori,,,,,,,,,,,,,,,,,,,,,,,,,,,,,,,,,,,,,,,,,,,,,,,,,,,,,,,,,,,,,,,,,,,,,,,,,,,,,,,,,,,,,,,,,,,,,,,,,,,,,,,,,,,,,,,,,,,,,,,,,,,,,,,,,,,,
G:\ML\learn20240705_m15_shijukara\data\sounds\kumamoto_yatsushiro_hiyodori.wav,80,5,hiyodori,,,,,,,,,,,,,,,,,,,,,,,,,,,,,,,,,,,,,,,,,,,,,,,,,,,,,,,,,,,,,,,,,,,,,,,,,,,,,,,,,,,,,,,,,,,,,,,,,,,,,,,,,,,,,,,,,,,,,,,,,,,,,,,,,,,,
G:\ML\learn20240705_m15_shijukara\data\sounds\kumamoto_yatsushiro_hiyodori.wav,85,5,hiyodori,,,,,,,,,,,,,,,,,,,,,,,,,,,,,,,,,,,,,,,,,,,,,,,,,,,,,,,,,,,,,,,,,,,,,,,,,,,,,,,,,,,,,,,,,,,,,,,,,,,,,,,,,,,,,,,,,,,,,,,,,,,,,,,,,,,,
G:\ML\learn20240705_m15_shijukara\data\sounds\kumamoto_yatsushiro_hiyodori.wav,90,5,hiyodori,,,,,,,,,,,,,,,,,,,,,,,,,,,,,,,,,,,,,,,,,,,,,,,,,,,,,,,,,,,,,,,,,,,,,,,,,,,,,,,,,,,,,,,,,,,,,,,,,,,,,,,,,,,,,,,,,,,,,,,,,,,,,,,,,,,,
G:\ML\learn20240705_m15_shijukara\data\sounds\kumamoto_yatsushiro_hiyodori.wav,95,5,hiyodori,,,,,,,,,,,,,,,,,,,,,,,,,,,,,,,,,,,,,,,,,,,,,,,,,,,,,,,,,,,,,,,,,,,,,,,,,,,,,,,,,,,,,,,,,,,,,,,,,,,,,,,,,,,,,,,,,,,,,,,,,,,,,,,,,,,,
G:\ML\learn20240705_m15_shijukara\data\sounds\kumamoto_yatsushiro_hototogisu_hashibosokarasu.wav,0,5,insect,karasu1,,,,,,,,,,,,,,,,,,,,,,,,,,,,,,,,,,,,,,,,,,,,,,,,,,,,,,,,,,,,,,,,,,,,,,,,,,,,,,,,,,,,,,,,,,,,,,,,,,,,,,,,,,,,,,,,,,,,,,,,,,,,,,,,,,,
G:\ML\learn20240705_m15_shijukara\data\sounds\kumamoto_yatsushiro_hototogisu_hashibosokarasu.wav,5,5,karasu1,,,,,,,,,,,,,,,,,,,,,,,,,,,,,,,,,,,,,,,,,,,,,,,,,,,,,,,,,,,,,,,,,,,,,,,,,,,,,,,,,,,,,,,,,,,,,,,,,,,,,,,,,,,,,,,,,,,,,,,,,,,,,,,,,,,,
G:\ML\learn20240705_m15_shijukara\data\sounds\kumamoto_yatsushiro_hototogisu_hashibosokarasu.wav,10,5,arisui,hototogisu,insect,,,,,,,,,,,,,,,,,,,,,,,,,,,,,,,,,,,,,,,,,,,,,,,,,,,,,,,,,,,,,,,,,,,,,,,,,,,,,,,,,,,,,,,,,,,,,,,,,,,,,,,,,,,,,,,,,,,,,,,,,,,,,,,,,,
G:\ML\learn20240705_m15_shijukara\data\sounds\kumamoto_yatsushiro_hototogisu_hashibosokarasu.wav,15,5,hototogisu,,,,,,,,,,,,,,,,,,,,,,,,,,,,,,,,,,,,,,,,,,,,,,,,,,,,,,,,,,,,,,,,,,,,,,,,,,,,,,,,,,,,,,,,,,,,,,,,,,,,,,,,,,,,,,,,,,,,,,,,,,,,,,,,,,,,
G:\ML\learn20240705_m15_shijukara\data\sounds\kumamoto_yatsushiro_hototogisu_hashibosokarasu.wav,20,5,hototogisu,,,,,,,,,,,,,,,,,,,,,,,,,,,,,,,,,,,,,,,,,,,,,,,,,,,,,,,,,,,,,,,,,,,,,,,,,,,,,,,,,,,,,,,,,,,,,,,,,,,,,,,,,,,,,,,,,,,,,,,,,,,,,,,,,,,,
G:\ML\learn20240705_m15_shijukara\data\sounds\kumamoto_yatsushiro_hototogisu_hashibosokarasu.wav,25,5,hototogisu,insect52,,,,,,,,,,,,,,,,,,,,,,,,,,,,,,,,,,,,,,,,,,,,,,,,,,,,,,,,,,,,,,,,,,,,,,,,,,,,,,,,,,,,,,,,,,,,,,,,,,,,,,,,,,,,,,,,,,,,,,,,,,,,,,,,,,,
G:\ML\learn20240705_m15_shijukara\data\sounds\kumamoto_yatsushiro_hototogisu_hashibosokarasu.wav,30,5,karasu1,,,,,,,,,,,,,,,,,,,,,,,,,,,,,,,,,,,,,,,,,,,,,,,,,,,,,,,,,,,,,,,,,,,,,,,,,,,,,,,,,,,,,,,,,,,,,,,,,,,,,,,,,,,,,,,,,,,,,,,,,,,,,,,,,,,,
G:\ML\learn20240705_m15_shijukara\data\sounds\kumamoto_yatsushiro_hototogisu_hashibosokarasu.wav,35,5,arisui,,,,,,,,,,,,,,,,,,,,,,,,,,,,,,,,,,,,,,,,,,,,,,,,,,,,,,,,,,,,,,,,,,,,,,,,,,,,,,,,,,,,,,,,,,,,,,,,,,,,,,,,,,,,,,,,,,,,,,,,,,,,,,,,,,,,
G:\ML\learn20240705_m15_shijukara\data\sounds\kumamoto_yatsushiro_hototogisu_hashibosokarasu.wav,40,5,insect,insect4,,,,,,,,,,,,,,,,,,,,,,,,,,,,,,,,,,,,,,,,,,,,,,,,,,,,,,,,,,,,,,,,,,,,,,,,,,,,,,,,,,,,,,,,,,,,,,,,,,,,,,,,,,,,,,,,,,,,,,,,,,,,,,,,,,,
G:\ML\learn20240705_m15_shijukara\data\sounds\kumamoto_yatsushiro_hototogisu_hashibosokarasu.wav,45,5,karasu1,,,,,,,,,,,,,,,,,,,,,,,,,,,,,,,,,,,,,,,,,,,,,,,,,,,,,,,,,,,,,,,,,,,,,,,,,,,,,,,,,,,,,,,,,,,,,,,,,,,,,,,,,,,,,,,,,,,,,,,,,,,,,,,,,,,,
G:\ML\learn20240705_m15_shijukara\data\sounds\kumamoto_yatsushiro_ikaru.wav,0,5,ikaru1,,,,,,,,,,,,,,,,,,,,,,,,,,,,,,,,,,,,,,,,,,,,,,,,,,,,,,,,,,,,,,,,,,,,,,,,,,,,,,,,,,,,,,,,,,,,,,,,,,,,,,,,,,,,,,,,,,,,,,,,,,,,,,,,,,,,
G:\ML\learn20240705_m15_shijukara\data\sounds\kumamoto_yatsushiro_ikaru.wav,5,5,ikaru1,,,,,,,,,,,,,,,,,,,,,,,,,,,,,,,,,,,,,,,,,,,,,,,,,,,,,,,,,,,,,,,,,,,,,,,,,,,,,,,,,,,,,,,,,,,,,,,,,,,,,,,,,,,,,,,,,,,,,,,,,,,,,,,,,,,,
G:\ML\learn20240705_m15_shijukara\data\sounds\kumamoto_yatsushiro_kibitaki.wav,0,5,kibitaki1,,,,,,,,,,,,,,,,,,,,,,,,,,,,,,,,,,,,,,,,,,,,,,,,,,,,,,,,,,,,,,,,,,,,,,,,,,,,,,,,,,,,,,,,,,,,,,,,,,,,,,,,,,,,,,,,,,,,,,,,,,,,,,,,,,,,
G:\ML\learn20240705_m15_shijukara\data\sounds\kumamoto_yatsushiro_kibitaki.wav,5,5,kibitaki1,kibitaki2,,,,,,,,,,,,,,,,,,,,,,,,,,,,,,,,,,,,,,,,,,,,,,,,,,,,,,,,,,,,,,,,,,,,,,,,,,,,,,,,,,,,,,,,,,,,,,,,,,,,,,,,,,,,,,,,,,,,,,,,,,,,,,,,,,,
G:\ML\learn20240705_m15_shijukara\data\sounds\kumamoto_yatsushiro_kibitaki.wav,10,5,ND,,,,,,,,,,,,,,,,,,,,,,,,,,,,,,,,,,,,,,,,,,,,,,,,,,,,,,,,,,,,,,,,,,,,,,,,,,,,,,,,,,,,,,,,,,,,,,,,,,,,,,,,,,,,,,,,,,,,,,,,,,,,,,,,,,,,
G:\ML\learn20240705_m15_shijukara\data\sounds\kumamoto_yatsushiro_kibitaki.wav,15,5,ikaru1,kibitaki1,,,,,,,,,,,,,,,,,,,,,,,,,,,,,,,,,,,,,,,,,,,,,,,,,,,,,,,,,,,,,,,,,,,,,,,,,,,,,,,,,,,,,,,,,,,,,,,,,,,,,,,,,,,,,,,,,,,,,,,,,,,,,,,,,,,
G:\ML\learn20240705_m15_shijukara\data\sounds\kumamoto_yatsushiro_kibitaki.wav,20,5,kibitaki1,,,,,,,,,,,,,,,,,,,,,,,,,,,,,,,,,,,,,,,,,,,,,,,,,,,,,,,,,,,,,,,,,,,,,,,,,,,,,,,,,,,,,,,,,,,,,,,,,,,,,,,,,,,,,,,,,,,,,,,,,,,,,,,,,,,,
G:\ML\learn20240705_m15_shijukara\data\sounds\kumamoto_yatsushiro_kibitaki.wav,25,5,hiyodori,,,,,,,,,,,,,,,,,,,,,,,,,,,,,,,,,,,,,,,,,,,,,,,,,,,,,,,,,,,,,,,,,,,,,,,,,,,,,,,,,,,,,,,,,,,,,,,,,,,,,,,,,,,,,,,,,,,,,,,,,,,,,,,,,,,,
G:\ML\learn20240705_m15_shijukara\data\sounds\kumamoto_yatsushiro_kibitaki.wav,30,5,kibitaki1,,,,,,,,,,,,,,,,,,,,,,,,,,,,,,,,,,,,,,,,,,,,,,,,,,,,,,,,,,,,,,,,,,,,,,,,,,,,,,,,,,,,,,,,,,,,,,,,,,,,,,,,,,,,,,,,,,,,,,,,,,,,,,,,,,,,
G:\ML\learn20240705_m15_shijukara\data\sounds\kumamoto_yatsushiro_kibitaki.wav,35,5,ND,,,,,,,,,,,,,,,,,,,,,,,,,,,,,,,,,,,,,,,,,,,,,,,,,,,,,,,,,,,,,,,,,,,,,,,,,,,,,,,,,,,,,,,,,,,,,,,,,,,,,,,,,,,,,,,,,,,,,,,,,,,,,,,,,,,,
G:\ML\learn20240705_m15_shijukara\data\sounds\kumamoto_yatsushiro_kibitaki.wav,40,5,water,,,,,,,,,,,,,,,,,,,,,,,,,,,,,,,,,,,,,,,,,,,,,,,,,,,,,,,,,,,,,,,,,,,,,,,,,,,,,,,,,,,,,,,,,,,,,,,,,,,,,,,,,,,,,,,,,,,,,,,,,,,,,,,,,,,,
G:\ML\learn20240705_m15_shijukara\data\sounds\kumamoto_yatsushiro_kibitaki.wav,45,5,ND,,,,,,,,,,,,,,,,,,,,,,,,,,,,,,,,,,,,,,,,,,,,,,,,,,,,,,,,,,,,,,,,,,,,,,,,,,,,,,,,,,,,,,,,,,,,,,,,,,,,,,,,,,,,,,,,,,,,,,,,,,,,,,,,,,,,
G:\ML\learn20240705_m15_shijukara\data\sounds\kumamoto_yatsushiro_kibitaki.wav,50,5,ikaru1,,,,,,,,,,,,,,,,,,,,,,,,,,,,,,,,,,,,,,,,,,,,,,,,,,,,,,,,,,,,,,,,,,,,,,,,,,,,,,,,,,,,,,,,,,,,,,,,,,,,,,,,,,,,,,,,,,,,,,,,,,,,,,,,,,,,
G:\ML\learn20240705_m15_shijukara\data\sounds\kumamoto_yatsushiro_kibitaki.wav,55,5,kibitaki1,,,,,,,,,,,,,,,,,,,,,,,,,,,,,,,,,,,,,,,,,,,,,,,,,,,,,,,,,,,,,,,,,,,,,,,,,,,,,,,,,,,,,,,,,,,,,,,,,,,,,,,,,,,,,,,,,,,,,,,,,,,,,,,,,,,,
G:\ML\learn20240705_m15_shijukara\data\sounds\kumamoto_yatsushiro_kibitaki.wav,60,5,kibitaki1,,,,,,,,,,,,,,,,,,,,,,,,,,,,,,,,,,,,,,,,,,,,,,,,,,,,,,,,,,,,,,,,,,,,,,,,,,,,,,,,,,,,,,,,,,,,,,,,,,,,,,,,,,,,,,,,,,,,,,,,,,,,,,,,,,,,
G:\ML\learn20240705_m15_shijukara\data\sounds\kumamoto_yatsushiro_kibitaki.wav,65,5,hiyodori,,,,,,,,,,,,,,,,,,,,,,,,,,,,,,,,,,,,,,,,,,,,,,,,,,,,,,,,,,,,,,,,,,,,,,,,,,,,,,,,,,,,,,,,,,,,,,,,,,,,,,,,,,,,,,,,,,,,,,,,,,,,,,,,,,,,
G:\ML\learn20240705_m15_shijukara\data\sounds\kumamoto_yatsushiro_kibitaki.wav,70,5,hiyodori,kibitaki1,yamagara1,,,,,,,,,,,,,,,,,,,,,,,,,,,,,,,,,,,,,,,,,,,,,,,,,,,,,,,,,,,,,,,,,,,,,,,,,,,,,,,,,,,,,,,,,,,,,,,,,,,,,,,,,,,,,,,,,,,,,,,,,,,,,,,,,,
G:\ML\learn20240705_m15_shijukara\data\sounds\kumamoto_yatsushiro_kibitaki.wav,75,5,ND,,,,,,,,,,,,,,,,,,,,,,,,,,,,,,,,,,,,,,,,,,,,,,,,,,,,,,,,,,,,,,,,,,,,,,,,,,,,,,,,,,,,,,,,,,,,,,,,,,,,,,,,,,,,,,,,,,,,,,,,,,,,,,,,,,,,
G:\ML\learn20240705_m15_shijukara\data\sounds\kumamoto_yatsushiro_kibitaki.wav,80,5,kibitaki1,,,,,,,,,,,,,,,,,,,,,,,,,,,,,,,,,,,,,,,,,,,,,,,,,,,,,,,,,,,,,,,,,,,,,,,,,,,,,,,,,,,,,,,,,,,,,,,,,,,,,,,,,,,,,,,,,,,,,,,,,,,,,,,,,,,,
G:\ML\learn20240705_m15_shijukara\data\sounds\kumamoto_yatsushiro_kibitaki.wav,85,5,kibitaki1,,,,,,,,,,,,,,,,,,,,,,,,,,,,,,,,,,,,,,,,,,,,,,,,,,,,,,,,,,,,,,,,,,,,,,,,,,,,,,,,,,,,,,,,,,,,,,,,,,,,,,,,,,,,,,,,,,,,,,,,,,,,,,,,,,,,
G:\ML\learn20240705_m15_shijukara\data\sounds\kumamoto_yatsushiro_uguisu_mejiro_hiyodori.wav,0,5,uguisu1,,,,,,,,,,,,,,,,,,,,,,,,,,,,,,,,,,,,,,,,,,,,,,,,,,,,,,,,,,,,,,,,,,,,,,,,,,,,,,,,,,,,,,,,,,,,,,,,,,,,,,,,,,,,,,,,,,,,,,,,,,,,,,,,,,,,
G:\ML\learn20240705_m15_shijukara\data\sounds\kumamoto_yatsushiro_uguisu_mejiro_hiyodori.wav,5,5,mejiro1,,,,,,,,,,,,,,,,,,,,,,,,,,,,,,,,,,,,,,,,,,,,,,,,,,,,,,,,,,,,,,,,,,,,,,,,,,,,,,,,,,,,,,,,,,,,,,,,,,,,,,,,,,,,,,,,,,,,,,,,,,,,,,,,,,,,
G:\ML\learn20240705_m15_shijukara\data\sounds\kumamoto_yatsushiro_uguisu_mejiro_hiyodori.wav,10,5,ND,,,,,,,,,,,,,,,,,,,,,,,,,,,,,,,,,,,,,,,,,,,,,,,,,,,,,,,,,,,,,,,,,,,,,,,,,,,,,,,,,,,,,,,,,,,,,,,,,,,,,,,,,,,,,,,,,,,,,,,,,,,,,,,,,,,,
G:\ML\learn20240705_m15_shijukara\data\sounds\kumamoto_yatsushiro_uguisu_mejiro_hiyodori.wav,15,5,higara,mejiro1,wind,,,,,,,,,,,,,,,,,,,,,,,,,,,,,,,,,,,,,,,,,,,,,,,,,,,,,,,,,,,,,,,,,,,,,,,,,,,,,,,,,,,,,,,,,,,,,,,,,,,,,,,,,,,,,,,,,,,,,,,,,,,,,,,,,,
G:\ML\learn20240705_m15_shijukara\data\sounds\kumamoto_yatsushiro_uguisu_mejiro_hiyodori.wav,20,5,hiyodori,,,,,,,,,,,,,,,,,,,,,,,,,,,,,,,,,,,,,,,,,,,,,,,,,,,,,,,,,,,,,,,,,,,,,,,,,,,,,,,,,,,,,,,,,,,,,,,,,,,,,,,,,,,,,,,,,,,,,,,,,,,,,,,,,,,,
G:\ML\learn20240705_m15_shijukara\data\sounds\kumamoto_yatsushiro_uguisu_mejiro_hiyodori.wav,25,5,higara,mejiro1,uguisu1,,,,,,,,,,,,,,,,,,,,,,,,,,,,,,,,,,,,,,,,,,,,,,,,,,,,,,,,,,,,,,,,,,,,,,,,,,,,,,,,,,,,,,,,,,,,,,,,,,,,,,,,,,,,,,,,,,,,,,,,,,,,,,,,,,
G:\ML\learn20240705_m15_shijukara\data\sounds\kumamoto_yatsushiro_uguisu_mejiro_hiyodori.wav,30,5,mejiro1,wind,,,,,,,,,,,,,,,,,,,,,,,,,,,,,,,,,,,,,,,,,,,,,,,,,,,,,,,,,,,,,,,,,,,,,,,,,,,,,,,,,,,,,,,,,,,,,,,,,,,,,,,,,,,,,,,,,,,,,,,,,,,,,,,,,,,
G:\ML\learn20240705_m15_shijukara\data\sounds\kumamoto_yatsushiro_uguisu_mejiro_hiyodori.wav,35,5,hiyodori,,,,,,,,,,,,,,,,,,,,,,,,,,,,,,,,,,,,,,,,,,,,,,,,,,,,,,,,,,,,,,,,,,,,,,,,,,,,,,,,,,,,,,,,,,,,,,,,,,,,,,,,,,,,,,,,,,,,,,,,,,,,,,,,,,,,
G:\ML\learn20240705_m15_shijukara\data\sounds\kumamoto_yatsushiro_uguisu_mejiro_hiyodori.wav,40,5,mejiro1,uguisu1,,,,,,,,,,,,,,,,,,,,,,,,,,,,,,,,,,,,,,,,,,,,,,,,,,,,,,,,,,,,,,,,,,,,,,,,,,,,,,,,,,,,,,,,,,,,,,,,,,,,,,,,,,,,,,,,,,,,,,,,,,,,,,,,,,,
G:\ML\learn20240705_m15_shijukara\data\sounds\kumamoto_yatsushiro_uguisu_mejiro_hiyodori.wav,45,5,ND,,,,,,,,,,,,,,,,,,,,,,,,,,,,,,,,,,,,,,,,,,,,,,,,,,,,,,,,,,,,,,,,,,,,,,,,,,,,,,,,,,,,,,,,,,,,,,,,,,,,,,,,,,,,,,,,,,,,,,,,,,,,,,,,,,,,
G:\ML\learn20240705_m15_shijukara\data\sounds\kumamoto_yatsushiro_uguisu_mejiro_hiyodori.wav,50,5,mejiro1,uguisu1,,,,,,,,,,,,,,,,,,,,,,,,,,,,,,,,,,,,,,,,,,,,,,,,,,,,,,,,,,,,,,,,,,,,,,,,,,,,,,,,,,,,,,,,,,,,,,,,,,,,,,,,,,,,,,,,,,,,,,,,,,,,,,,,,,,
G:\ML\learn20240705_m15_shijukara\data\sounds\kumamoto_yatsushiro_uguisu_mejiro_hiyodori.wav,55,5,higara,mejiro1,,,,,,,,,,,,,,,,,,,,,,,,,,,,,,,,,,,,,,,,,,,,,,,,,,,,,,,,,,,,,,,,,,,,,,,,,,,,,,,,,,,,,,,,,,,,,,,,,,,,,,,,,,,,,,,,,,,,,,,,,,,,,,,,,,,
G:\ML\learn20240705_m15_shijukara\data\sounds\kumamoto_yatsushiro_uguisu_mejiro_hiyodori.wav,60,5,mejiro1,uguisu1,,,,,,,,,,,,,,,,,,,,,,,,,,,,,,,,,,,,,,,,,,,,,,,,,,,,,,,,,,,,,,,,,,,,,,,,,,,,,,,,,,,,,,,,,,,,,,,,,,,,,,,,,,,,,,,,,,,,,,,,,,,,,,,,,,,
G:\ML\learn20240705_m15_shijukara\data\sounds\kumamoto_yatsushiro_uguisu_mejiro_hiyodori.wav,65,5,ND,,,,,,,,,,,,,,,,,,,,,,,,,,,,,,,,,,,,,,,,,,,,,,,,,,,,,,,,,,,,,,,,,,,,,,,,,,,,,,,,,,,,,,,,,,,,,,,,,,,,,,,,,,,,,,,,,,,,,,,,,,,,,,,,,,,,
G:\ML\learn20240705_m15_shijukara\data\sounds\kumamoto_yatsushiro_uguisu_mejiro_hiyodori.wav,70,5,mejiro1,uguisu1,,,,,,,,,,,,,,,,,,,,,,,,,,,,,,,,,,,,,,,,,,,,,,,,,,,,,,,,,,,,,,,,,,,,,,,,,,,,,,,,,,,,,,,,,,,,,,,,,,,,,,,,,,,,,,,,,,,,,,,,,,,,,,,,,,,
G:\ML\learn20240705_m15_shijukara\data\sounds\kumamoto_yatsushiro_uguisu_mejiro_hiyodori.wav,75,5,tobi,,,,,,,,,,,,,,,,,,,,,,,,,,,,,,,,,,,,,,,,,,,,,,,,,,,,,,,,,,,,,,,,,,,,,,,,,,,,,,,,,,,,,,,,,,,,,,,,,,,,,,,,,,,,,,,,,,,,,,,,,,,,,,,,,,,,
G:\ML\learn20240705_m15_shijukara\data\sounds\kumamoto_yatsushiro_uguisu_mejiro_hiyodori.wav,80,5,mejiro1,uguisu1,,,,,,,,,,,,,,,,,,,,,,,,,,,,,,,,,,,,,,,,,,,,,,,,,,,,,,,,,,,,,,,,,,,,,,,,,,,,,,,,,,,,,,,,,,,,,,,,,,,,,,,,,,,,,,,,,,,,,,,,,,,,,,,,,,,
G:\ML\learn20240705_m15_shijukara\data\sounds\kumamoto_yatsushiro_uguisu_mejiro_hiyodori.wav,85,5,mejiro1,uguisu1,,,,,,,,,,,,,,,,,,,,,,,,,,,,,,,,,,,,,,,,,,,,,,,,,,,,,,,,,,,,,,,,,,,,,,,,,,,,,,,,,,,,,,,,,,,,,,,,,,,,,,,,,,,,,,,,,,,,,,,,,,,,,,,,,,,
G:\ML\learn20240705_m15_shijukara\data\sounds\kumamoto_yatsushiro_uguisu_mejiro_hiyodori.wav,90,5,airplane,,,,,,,,,,,,,,,,,,,,,,,,,,,,,,,,,,,,,,,,,,,,,,,,,,,,,,,,,,,,,,,,,,,,,,,,,,,,,,,,,,,,,,,,,,,,,,,,,,,,,,,,,,,,,,,,,,,,,,,,,,,,,,,,,,,,
G:\ML\learn20240705_m15_shijukara\data\sounds\kumamoto_yatsushiro_uguisu_mejiro_hiyodori.wav,95,5,mejiro1,uguisu1,,,,,,,,,,,,,,,,,,,,,,,,,,,,,,,,,,,,,,,,,,,,,,,,,,,,,,,,,,,,,,,,,,,,,,,,,,,,,,,,,,,,,,,,,,,,,,,,,,,,,,,,,,,,,,,,,,,,,,,,,,,,,,,,,,,
G:\ML\learn20240705_m15_shijukara\data\sounds\kumamoto_yatsushiro_uguisu_mejiro_hiyodori.wav,100,5,hohjiro,,,,,,,,,,,,,,,,,,,,,,,,,,,,,,,,,,,,,,,,,,,,,,,,,,,,,,,,,,,,,,,,,,,,,,,,,,,,,,,,,,,,,,,,,,,,,,,,,,,,,,,,,,,,,,,,,,,,,,,,,,,,,,,,,,,,
G:\ML\learn20240705_m15_shijukara\data\sounds\kumamoto_yatsushiro_uguisu_mejiro_hiyodori.wav,105,5,mejiro1,uguisu1,,,,,,,,,,,,,,,,,,,,,,,,,,,,,,,,,,,,,,,,,,,,,,,,,,,,,,,,,,,,,,,,,,,,,,,,,,,,,,,,,,,,,,,,,,,,,,,,,,,,,,,,,,,,,,,,,,,,,,,,,,,,,,,,,,,
G:\ML\learn20240705_m15_shijukara\data\sounds\kumamoto_yatsushiro_uguisu_mejiro_hiyodori.wav,110,5,mejiro1,,,,,,,,,,,,,,,,,,,,,,,,,,,,,,,,,,,,,,,,,,,,,,,,,,,,,,,,,,,,,,,,,,,,,,,,,,,,,,,,,,,,,,,,,,,,,,,,,,,,,,,,,,,,,,,,,,,,,,,,,,,,,,,,,,,,
G:\ML\learn20240705_m15_shijukara\data\sounds\kumamoto_yatsushiro_uguisu_mejiro_hiyodori.wav,115,5,uguisu1,,,,,,,,,,,,,,,,,,,,,,,,,,,,,,,,,,,,,,,,,,,,,,,,,,,,,,,,,,,,,,,,,,,,,,,,,,,,,,,,,,,,,,,,,,,,,,,,,,,,,,,,,,,,,,,,,,,,,,,,,,,,,,,,,,,,
G:\ML\learn20240705_m15_shijukara\data\sounds\kumamoto_yatsushiro_uguisu_mejiro_hiyodori.wav,120,5,mejiro1,,,,,,,,,,,,,,,,,,,,,,,,,,,,,,,,,,,,,,,,,,,,,,,,,,,,,,,,,,,,,,,,,,,,,,,,,,,,,,,,,,,,,,,,,,,,,,,,,,,,,,,,,,,,,,,,,,,,,,,,,,,,,,,,,,,,
G:\ML\learn20240705_m15_shijukara\data\sounds\kumamoto_yatsushiro_uguisu_mejiro_hiyodori.wav,125,5,ND,,,,,,,,,,,,,,,,,,,,,,,,,,,,,,,,,,,,,,,,,,,,,,,,,,,,,,,,,,,,,,,,,,,,,,,,,,,,,,,,,,,,,,,,,,,,,,,,,,,,,,,,,,,,,,,,,,,,,,,,,,,,,,,,,,,,
G:\ML\learn20240705_m15_shijukara\data\sounds\kumamoto_yatsushiro_uguisu_mejiro_hiyodori.wav,130,5,mejiro1,uguisu1,,,,,,,,,,,,,,,,,,,,,,,,,,,,,,,,,,,,,,,,,,,,,,,,,,,,,,,,,,,,,,,,,,,,,,,,,,,,,,,,,,,,,,,,,,,,,,,,,,,,,,,,,,,,,,,,,,,,,,,,,,,,,,,,,,,
G:\ML\learn20240705_m15_shijukara\data\sounds\kumamoto_yatsushiro_yabusame.wav,0,5,yabusame1,,,,,,,,,,,,,,,,,,,,,,,,,,,,,,,,,,,,,,,,,,,,,,,,,,,,,,,,,,,,,,,,,,,,,,,,,,,,,,,,,,,,,,,,,,,,,,,,,,,,,,,,,,,,,,,,,,,,,,,,,,,,,,,,,,,,
G:\ML\learn20240705_m15_shijukara\data\sounds\kumamoto_yatsushiro_yabusame.wav,5,5,yabusame1,,,,,,,,,,,,,,,,,,,,,,,,,,,,,,,,,,,,,,,,,,,,,,,,,,,,,,,,,,,,,,,,,,,,,,,,,,,,,,,,,,,,,,,,,,,,,,,,,,,,,,,,,,,,,,,,,,,,,,,,,,,,,,,,,,,,
G:\ML\learn20240705_m15_shijukara\data\sounds\kumamoto_yatsushiro_yabusame.wav,10,5,wind,,,,,,,,,,,,,,,,,,,,,,,,,,,,,,,,,,,,,,,,,,,,,,,,,,,,,,,,,,,,,,,,,,,,,,,,,,,,,,,,,,,,,,,,,,,,,,,,,,,,,,,,,,,,,,,,,,,,,,,,,,,,,,,,,,,,
G:\ML\learn20240705_m15_shijukara\data\sounds\kumamoto_yatsushiro_yabusame.wav,15,5,yabusame1,,,,,,,,,,,,,,,,,,,,,,,,,,,,,,,,,,,,,,,,,,,,,,,,,,,,,,,,,,,,,,,,,,,,,,,,,,,,,,,,,,,,,,,,,,,,,,,,,,,,,,,,,,,,,,,,,,,,,,,,,,,,,,,,,,,,
G:\ML\learn20240705_m15_shijukara\data\sounds\kumamoto_yatsushiro_yabusame.wav,20,5,yabusame1,,,,,,,,,,,,,,,,,,,,,,,,,,,,,,,,,,,,,,,,,,,,,,,,,,,,,,,,,,,,,,,,,,,,,,,,,,,,,,,,,,,,,,,,,,,,,,,,,,,,,,,,,,,,,,,,,,,,,,,,,,,,,,,,,,,,
G:\ML\learn20240705_m15_shijukara\data\sounds\kumamoto_yatsushiro_yabusame.wav,25,5,hiyodori,,,,,,,,,,,,,,,,,,,,,,,,,,,,,,,,,,,,,,,,,,,,,,,,,,,,,,,,,,,,,,,,,,,,,,,,,,,,,,,,,,,,,,,,,,,,,,,,,,,,,,,,,,,,,,,,,,,,,,,,,,,,,,,,,,,,
G:\ML\learn20240705_m15_shijukara\data\sounds\kumamoto_yatsushiro_yabusame.wav,30,5,ND,,,,,,,,,,,,,,,,,,,,,,,,,,,,,,,,,,,,,,,,,,,,,,,,,,,,,,,,,,,,,,,,,,,,,,,,,,,,,,,,,,,,,,,,,,,,,,,,,,,,,,,,,,,,,,,,,,,,,,,,,,,,,,,,,,,,
G:\ML\learn20240705_m15_shijukara\data\sounds\kumamoto_yatsushiro_yabusame.wav,35,5,yamagara2,,,,,,,,,,,,,,,,,,,,,,,,,,,,,,,,,,,,,,,,,,,,,,,,,,,,,,,,,,,,,,,,,,,,,,,,,,,,,,,,,,,,,,,,,,,,,,,,,,,,,,,,,,,,,,,,,,,,,,,,,,,,,,,,,,,,
G:\ML\learn20240705_m15_shijukara\data\sounds\kumamoto_yatsushiro_yabusame.wav,40,5,ND,,,,,,,,,,,,,,,,,,,,,,,,,,,,,,,,,,,,,,,,,,,,,,,,,,,,,,,,,,,,,,,,,,,,,,,,,,,,,,,,,,,,,,,,,,,,,,,,,,,,,,,,,,,,,,,,,,,,,,,,,,,,,,,,,,,,
G:\ML\learn20240705_m15_shijukara\data\sounds\kumamoto_yatsushiro_yabusame.wav,45,5,yabusame1,,,,,,,,,,,,,,,,,,,,,,,,,,,,,,,,,,,,,,,,,,,,,,,,,,,,,,,,,,,,,,,,,,,,,,,,,,,,,,,,,,,,,,,,,,,,,,,,,,,,,,,,,,,,,,,,,,,,,,,,,,,,,,,,,,,,
G:\ML\learn20240705_m15_shijukara\data\sounds\kumamoto_yatsushiro_yabusame.wav,50,5,ND,,,,,,,,,,,,,,,,,,,,,,,,,,,,,,,,,,,,,,,,,,,,,,,,,,,,,,,,,,,,,,,,,,,,,,,,,,,,,,,,,,,,,,,,,,,,,,,,,,,,,,,,,,,,,,,,,,,,,,,,,,,,,,,,,,,,
G:\ML\learn20240705_m15_shijukara\data\sounds\kumamoto_yatsushiro_yabusame.wav,55,5,wind,,,,,,,,,,,,,,,,,,,,,,,,,,,,,,,,,,,,,,,,,,,,,,,,,,,,,,,,,,,,,,,,,,,,,,,,,,,,,,,,,,,,,,,,,,,,,,,,,,,,,,,,,,,,,,,,,,,,,,,,,,,,,,,,,,,,
G:\ML\learn20240705_m15_shijukara\data\sounds\kumamoto_yatsushiro_yabusame.wav,60,5,higara,rain,,,,,,,,,,,,,,,,,,,,,,,,,,,,,,,,,,,,,,,,,,,,,,,,,,,,,,,,,,,,,,,,,,,,,,,,,,,,,,,,,,,,,,,,,,,,,,,,,,,,,,,,,,,,,,,,,,,,,,,,,,,,,,,,,,,
G:\ML\learn20240705_m15_shijukara\data\sounds\kumamoto_yatsushiro_yabusame.wav,65,5,hiyodori,,,,,,,,,,,,,,,,,,,,,,,,,,,,,,,,,,,,,,,,,,,,,,,,,,,,,,,,,,,,,,,,,,,,,,,,,,,,,,,,,,,,,,,,,,,,,,,,,,,,,,,,,,,,,,,,,,,,,,,,,,,,,,,,,,,,
G:\ML\learn20240705_m15_shijukara\data\sounds\kumamoto_yatsushiro_yabusame.wav,70,5,ND,,,,,,,,,,,,,,,,,,,,,,,,,,,,,,,,,,,,,,,,,,,,,,,,,,,,,,,,,,,,,,,,,,,,,,,,,,,,,,,,,,,,,,,,,,,,,,,,,,,,,,,,,,,,,,,,,,,,,,,,,,,,,,,,,,,,
G:\ML\learn20240705_m15_shijukara\data\sounds\kumamoto_yatsushiro_yabusame.wav,75,5,mejiro1,,,,,,,,,,,,,,,,,,,,,,,,,,,,,,,,,,,,,,,,,,,,,,,,,,,,,,,,,,,,,,,,,,,,,,,,,,,,,,,,,,,,,,,,,,,,,,,,,,,,,,,,,,,,,,,,,,,,,,,,,,,,,,,,,,,,
G:\ML\learn20240705_m15_shijukara\data\sounds\kumamoto_yatsushiro_yabusame.wav,80,5,ND,,,,,,,,,,,,,,,,,,,,,,,,,,,,,,,,,,,,,,,,,,,,,,,,,,,,,,,,,,,,,,,,,,,,,,,,,,,,,,,,,,,,,,,,,,,,,,,,,,,,,,,,,,,,,,,,,,,,,,,,,,,,,,,,,,,,
G:\ML\learn20240705_m15_shijukara\data\sounds\kumamoto_yatsushiro_yabusame.wav,85,5,ND,,,,,,,,,,,,,,,,,,,,,,,,,,,,,,,,,,,,,,,,,,,,,,,,,,,,,,,,,,,,,,,,,,,,,,,,,,,,,,,,,,,,,,,,,,,,,,,,,,,,,,,,,,,,,,,,,,,,,,,,,,,,,,,,,,,,
G:\ML\learn20240705_m15_shijukara\data\sounds\kumamoto_yatsushiro_yabusame.wav,90,5,aobato1,,,,,,,,,,,,,,,,,,,,,,,,,,,,,,,,,,,,,,,,,,,,,,,,,,,,,,,,,,,,,,,,,,,,,,,,,,,,,,,,,,,,,,,,,,,,,,,,,,,,,,,,,,,,,,,,,,,,,,,,,,,,,,,,,,,,
G:\ML\learn20240705_m15_shijukara\data\sounds\kumamoto_yatsushiro_yabusame.wav,95,5,airplane,,,,,,,,,,,,,,,,,,,,,,,,,,,,,,,,,,,,,,,,,,,,,,,,,,,,,,,,,,,,,,,,,,,,,,,,,,,,,,,,,,,,,,,,,,,,,,,,,,,,,,,,,,,,,,,,,,,,,,,,,,,,,,,,,,,,
G:\ML\learn20240705_m15_shijukara\data\sounds\kumamoto_yatsushiro_yabusame.wav,100,5,ND,,,,,,,,,,,,,,,,,,,,,,,,,,,,,,,,,,,,,,,,,,,,,,,,,,,,,,,,,,,,,,,,,,,,,,,,,,,,,,,,,,,,,,,,,,,,,,,,,,,,,,,,,,,,,,,,,,,,,,,,,,,,,,,,,,,,
G:\ML\learn20240705_m15_shijukara\data\sounds\kumamoto_yatsushiro_yabusame.wav,105,5,ND,,,,,,,,,,,,,,,,,,,,,,,,,,,,,,,,,,,,,,,,,,,,,,,,,,,,,,,,,,,,,,,,,,,,,,,,,,,,,,,,,,,,,,,,,,,,,,,,,,,,,,,,,,,,,,,,,,,,,,,,,,,,,,,,,,,,
G:\ML\learn20240705_m15_shijukara\data\sounds\kumamoto_yatsushiro_yabusame.wav,110,5,ND,,,,,,,,,,,,,,,,,,,,,,,,,,,,,,,,,,,,,,,,,,,,,,,,,,,,,,,,,,,,,,,,,,,,,,,,,,,,,,,,,,,,,,,,,,,,,,,,,,,,,,,,,,,,,,,,,,,,,,,,,,,,,,,,,,,,
G:\ML\learn20240705_m15_shijukara\data\sounds\kumamoto_yatsushiro_yabusame.wav,115,5,yabusame1,,,,,,,,,,,,,,,,,,,,,,,,,,,,,,,,,,,,,,,,,,,,,,,,,,,,,,,,,,,,,,,,,,,,,,,,,,,,,,,,,,,,,,,,,,,,,,,,,,,,,,,,,,,,,,,,,,,,,,,,,,,,,,,,,,,,
G:\ML\learn20240705_m15_shijukara\data\sounds\kumamoto_yatsushiro_yabusame.wav,120,5,ND,,,,,,,,,,,,,,,,,,,,,,,,,,,,,,,,,,,,,,,,,,,,,,,,,,,,,,,,,,,,,,,,,,,,,,,,,,,,,,,,,,,,,,,,,,,,,,,,,,,,,,,,,,,,,,,,,,,,,,,,,,,,,,,,,,,,
G:\ML\learn20240705_m15_shijukara\data\sounds\kumamoto_yatsushiro_yabusame.wav,125,5,ND,,,,,,,,,,,,,,,,,,,,,,,,,,,,,,,,,,,,,,,,,,,,,,,,,,,,,,,,,,,,,,,,,,,,,,,,,,,,,,,,,,,,,,,,,,,,,,,,,,,,,,,,,,,,,,,,,,,,,,,,,,,,,,,,,,,,
G:\ML\learn20240705_m15_shijukara\data\sounds\kumamoto_yatsushiro_yabusame.wav,130,5,ND,,,,,,,,,,,,,,,,,,,,,,,,,,,,,,,,,,,,,,,,,,,,,,,,,,,,,,,,,,,,,,,,,,,,,,,,,,,,,,,,,,,,,,,,,,,,,,,,,,,,,,,,,,,,,,,,,,,,,,,,,,,,,,,,,,,,
G:\ML\learn20240705_m15_shijukara\data\sounds\kumamoto_yatsushiro_yabusame.wav,135,5,higara,,,,,,,,,,,,,,,,,,,,,,,,,,,,,,,,,,,,,,,,,,,,,,,,,,,,,,,,,,,,,,,,,,,,,,,,,,,,,,,,,,,,,,,,,,,,,,,,,,,,,,,,,,,,,,,,,,,,,,,,,,,,,,,,,,,,
G:\ML\learn20240705_m15_shijukara\data\sounds\kumamoto_yatsushiro_yabusame.wav,140,5,ND,,,,,,,,,,,,,,,,,,,,,,,,,,,,,,,,,,,,,,,,,,,,,,,,,,,,,,,,,,,,,,,,,,,,,,,,,,,,,,,,,,,,,,,,,,,,,,,,,,,,,,,,,,,,,,,,,,,,,,,,,,,,,,,,,,,,
G:\ML\learn20240705_m15_shijukara\data\sounds\kumamoto_yatsushiro_yabusame.wav,145,5,ruribitaki2,,,,,,,,,,,,,,,,,,,,,,,,,,,,,,,,,,,,,,,,,,,,,,,,,,,,,,,,,,,,,,,,,,,,,,,,,,,,,,,,,,,,,,,,,,,,,,,,,,,,,,,,,,,,,,,,,,,,,,,,,,,,,,,,,,,,
G:\ML\learn20240705_m15_shijukara\data\sounds\kumamoto_yatsushiro_yabusame.wav,150,5,ND,,,,,,,,,,,,,,,,,,,,,,,,,,,,,,,,,,,,,,,,,,,,,,,,,,,,,,,,,,,,,,,,,,,,,,,,,,,,,,,,,,,,,,,,,,,,,,,,,,,,,,,,,,,,,,,,,,,,,,,,,,,,,,,,,,,,
G:\ML\learn20240705_m15_shijukara\data\sounds\kumamoto_yatsushiro_yabusame.wav,155,5,ruribitaki2,,,,,,,,,,,,,,,,,,,,,,,,,,,,,,,,,,,,,,,,,,,,,,,,,,,,,,,,,,,,,,,,,,,,,,,,,,,,,,,,,,,,,,,,,,,,,,,,,,,,,,,,,,,,,,,,,,,,,,,,,,,,,,,,,,,,
G:\ML\learn20240705_m15_shijukara\data\sounds\kumamoto_yatsushiro_yabusame.wav,160,5,ND,,,,,,,,,,,,,,,,,,,,,,,,,,,,,,,,,,,,,,,,,,,,,,,,,,,,,,,,,,,,,,,,,,,,,,,,,,,,,,,,,,,,,,,,,,,,,,,,,,,,,,,,,,,,,,,,,,,,,,,,,,,,,,,,,,,,
G:\ML\learn20240705_m15_shijukara\data\sounds\kumamoto_yatsushiro_yabusame.wav,165,5,ND,,,,,,,,,,,,,,,,,,,,,,,,,,,,,,,,,,,,,,,,,,,,,,,,,,,,,,,,,,,,,,,,,,,,,,,,,,,,,,,,,,,,,,,,,,,,,,,,,,,,,,,,,,,,,,,,,,,,,,,,,,,,,,,,,,,,
G:\ML\learn20240705_m15_shijukara\data\sounds\kumamoto_yatsushiro_yabusame.wav,170,5,yabusame1,,,,,,,,,,,,,,,,,,,,,,,,,,,,,,,,,,,,,,,,,,,,,,,,,,,,,,,,,,,,,,,,,,,,,,,,,,,,,,,,,,,,,,,,,,,,,,,,,,,,,,,,,,,,,,,,,,,,,,,,,,,,,,,,,,,,
G:\ML\learn20240705_m15_shijukara\data\sounds\kumamoto_yatsushiro_yabusame.wav,175,5,yabusame1,,,,,,,,,,,,,,,,,,,,,,,,,,,,,,,,,,,,,,,,,,,,,,,,,,,,,,,,,,,,,,,,,,,,,,,,,,,,,,,,,,,,,,,,,,,,,,,,,,,,,,,,,,,,,,,,,,,,,,,,,,,,,,,,,,,,
G:\ML\learn20240705_m15_shijukara\data\sounds\kumamoto_yatsushiro_yabusame.wav,180,5,airplane,,,,,,,,,,,,,,,,,,,,,,,,,,,,,,,,,,,,,,,,,,,,,,,,,,,,,,,,,,,,,,,,,,,,,,,,,,,,,,,,,,,,,,,,,,,,,,,,,,,,,,,,,,,,,,,,,,,,,,,,,,,,,,,,,,,,
G:\ML\learn20240705_m15_shijukara\data\sounds\kumamoto_yatsushiro_yabusame.wav,185,5,ND,,,,,,,,,,,,,,,,,,,,,,,,,,,,,,,,,,,,,,,,,,,,,,,,,,,,,,,,,,,,,,,,,,,,,,,,,,,,,,,,,,,,,,,,,,,,,,,,,,,,,,,,,,,,,,,,,,,,,,,,,,,,,,,,,,,,
G:\ML\learn20240705_m15_shijukara\data\sounds\kumamoto_yatsushiro_yabusame.wav,190,5,ND,,,,,,,,,,,,,,,,,,,,,,,,,,,,,,,,,,,,,,,,,,,,,,,,,,,,,,,,,,,,,,,,,,,,,,,,,,,,,,,,,,,,,,,,,,,,,,,,,,,,,,,,,,,,,,,,,,,,,,,,,,,,,,,,,,,,
G:\ML\learn20240705_m15_shijukara\data\sounds\kumamoto_yatsushiro_yabusame.wav,195,5,ND,,,,,,,,,,,,,,,,,,,,,,,,,,,,,,,,,,,,,,,,,,,,,,,,,,,,,,,,,,,,,,,,,,,,,,,,,,,,,,,,,,,,,,,,,,,,,,,,,,,,,,,,,,,,,,,,,,,,,,,,,,,,,,,,,,,,
G:\ML\learn20240705_m15_shijukara\data\sounds\kumamoto_yatsushiro_yabusame.wav,200,5,ND,,,,,,,,,,,,,,,,,,,,,,,,,,,,,,,,,,,,,,,,,,,,,,,,,,,,,,,,,,,,,,,,,,,,,,,,,,,,,,,,,,,,,,,,,,,,,,,,,,,,,,,,,,,,,,,,,,,,,,,,,,,,,,,,,,,,
G:\ML\learn20240705_m15_shijukara\data\sounds\kumamoto_yatsushiro_yabusame.wav,205,5,ND,,,,,,,,,,,,,,,,,,,,,,,,,,,,,,,,,,,,,,,,,,,,,,,,,,,,,,,,,,,,,,,,,,,,,,,,,,,,,,,,,,,,,,,,,,,,,,,,,,,,,,,,,,,,,,,,,,,,,,,,,,,,,,,,,,,,
G:\ML\learn20240705_m15_shijukara\data\sounds\kumamoto_yatsushiro_yabusame.wav,210,5,wind,,,,,,,,,,,,,,,,,,,,,,,,,,,,,,,,,,,,,,,,,,,,,,,,,,,,,,,,,,,,,,,,,,,,,,,,,,,,,,,,,,,,,,,,,,,,,,,,,,,,,,,,,,,,,,,,,,,,,,,,,,,,,,,,,,,,
G:\ML\learn20240705_m15_shijukara\data\sounds\kumamoto_yatsushiro_yamagara_shijukara.MP3,0,5,ND,,,,,,,,,,,,,,,,,,,,,,,,,,,,,,,,,,,,,,,,,,,,,,,,,,,,,,,,,,,,,,,,,,,,,,,,,,,,,,,,,,,,,,,,,,,,,,,,,,,,,,,,,,,,,,,,,,,,,,,,,,,,,,,,,,,,
G:\ML\learn20240705_m15_shijukara\data\sounds\kumamoto_yatsushiro_yamagara_shijukara.MP3,5,5,shijukara1,,,,,,,,,,,,,,,,,,,,,,,,,,,,,,,,,,,,,,,,,,,,,,,,,,,,,,,,,,,,,,,,,,,,,,,,,,,,,,,,,,,,,,,,,,,,,,,,,,,,,,,,,,,,,,,,,,,,,,,,,,,,,,,,,,,,
G:\ML\learn20240705_m15_shijukara\data\sounds\kumamoto_yatsushiro_yamagara_shijukara.MP3,10,5,ND,,,,,,,,,,,,,,,,,,,,,,,,,,,,,,,,,,,,,,,,,,,,,,,,,,,,,,,,,,,,,,,,,,,,,,,,,,,,,,,,,,,,,,,,,,,,,,,,,,,,,,,,,,,,,,,,,,,,,,,,,,,,,,,,,,,,
G:\ML\learn20240705_m15_shijukara\data\sounds\kumamoto_yatsushiro_yamagara_shijukara.MP3,15,5,shijukara1,,,,,,,,,,,,,,,,,,,,,,,,,,,,,,,,,,,,,,,,,,,,,,,,,,,,,,,,,,,,,,,,,,,,,,,,,,,,,,,,,,,,,,,,,,,,,,,,,,,,,,,,,,,,,,,,,,,,,,,,,,,,,,,,,,,,
G:\ML\learn20240705_m15_shijukara\data\sounds\kumamoto_yatsushiro_yamagara_shijukara.MP3,20,5,ND,,,,,,,,,,,,,,,,,,,,,,,,,,,,,,,,,,,,,,,,,,,,,,,,,,,,,,,,,,,,,,,,,,,,,,,,,,,,,,,,,,,,,,,,,,,,,,,,,,,,,,,,,,,,,,,,,,,,,,,,,,,,,,,,,,,,
G:\ML\learn20240705_m15_shijukara\data\sounds\kumamoto_yatsushiro_yamagara_shijukara.MP3,25,5,karasu1,,,,,,,,,,,,,,,,,,,,,,,,,,,,,,,,,,,,,,,,,,,,,,,,,,,,,,,,,,,,,,,,,,,,,,,,,,,,,,,,,,,,,,,,,,,,,,,,,,,,,,,,,,,,,,,,,,,,,,,,,,,,,,,,,,,,
G:\ML\learn20240705_m15_shijukara\data\sounds\kumamoto_yatsushiro_yamagara_shijukara.MP3,30,5,karasu1,shijukara1,,,,,,,,,,,,,,,,,,,,,,,,,,,,,,,,,,,,,,,,,,,,,,,,,,,,,,,,,,,,,,,,,,,,,,,,,,,,,,,,,,,,,,,,,,,,,,,,,,,,,,,,,,,,,,,,,,,,,,,,,,,,,,,,,,,
G:\ML\learn20240705_m15_shijukara\data\sounds\kumamoto_yatsushiro_yamagara_shijukara.MP3,35,5,karasu1,karasu2,,,,,,,,,,,,,,,,,,,,,,,,,,,,,,,,,,,,,,,,,,,,,,,,,,,,,,,,,,,,,,,,,,,,,,,,,,,,,,,,,,,,,,,,,,,,,,,,,,,,,,,,,,,,,,,,,,,,,,,,,,,,,,,,,,,
G:\ML\learn20240705_m15_shijukara\data\sounds\kumamoto_yatsushiro_yamagara_shijukara.MP3,40,5,car,shijukara1,,,,,,,,,,,,,,,,,,,,,,,,,,,,,,,,,,,,,,,,,,,,,,,,,,,,,,,,,,,,,,,,,,,,,,,,,,,,,,,,,,,,,,,,,,,,,,,,,,,,,,,,,,,,,,,,,,,,,,,,,,,,,,,,,,,
G:\ML\learn20240705_m15_shijukara\data\sounds\kumamoto_yatsushiro_yamagara_shijukara.MP3,45,5,car,,,,,,,,,,,,,,,,,,,,,,,,,,,,,,,,,,,,,,,,,,,,,,,,,,,,,,,,,,,,,,,,,,,,,,,,,,,,,,,,,,,,,,,,,,,,,,,,,,,,,,,,,,,,,,,,,,,,,,,,,,,,,,,,,,,,
G:\ML\learn20240705_m15_shijukara\data\sounds\kumamoto_yatsushiro_yamagara_shijukara.MP3,50,5,car,,,,,,,,,,,,,,,,,,,,,,,,,,,,,,,,,,,,,,,,,,,,,,,,,,,,,,,,,,,,,,,,,,,,,,,,,,,,,,,,,,,,,,,,,,,,,,,,,,,,,,,,,,,,,,,,,,,,,,,,,,,,,,,,,,,,
G:\ML\learn20240705_m15_shijukara\data\sounds\kumamoto_yatsushiro_yamagara_shijukara.MP3,55,5,ND,,,,,,,,,,,,,,,,,,,,,,,,,,,,,,,,,,,,,,,,,,,,,,,,,,,,,,,,,,,,,,,,,,,,,,,,,,,,,,,,,,,,,,,,,,,,,,,,,,,,,,,,,,,,,,,,,,,,,,,,,,,,,,,,,,,,
G:\ML\learn20240705_m15_shijukara\data\sounds\kumamoto_yatsushiro_yamagara_shijukara.MP3,60,5,ND,,,,,,,,,,,,,,,,,,,,,,,,,,,,,,,,,,,,,,,,,,,,,,,,,,,,,,,,,,,,,,,,,,,,,,,,,,,,,,,,,,,,,,,,,,,,,,,,,,,,,,,,,,,,,,,,,,,,,,,,,,,,,,,,,,,,
G:\ML\learn20240705_m15_shijukara\data\sounds\kumamoto_yatsushiro_yamagara_shijukara.MP3,65,5,ND,,,,,,,,,,,,,,,,,,,,,,,,,,,,,,,,,,,,,,,,,,,,,,,,,,,,,,,,,,,,,,,,,,,,,,,,,,,,,,,,,,,,,,,,,,,,,,,,,,,,,,,,,,,,,,,,,,,,,,,,,,,,,,,,,,,,
G:\ML\learn20240705_m15_shijukara\data\sounds\kumamoto_yatsushiro_yamagara_shijukara.MP3,70,5,car,shijukara1,,,,,,,,,,,,,,,,,,,,,,,,,,,,,,,,,,,,,,,,,,,,,,,,,,,,,,,,,,,,,,,,,,,,,,,,,,,,,,,,,,,,,,,,,,,,,,,,,,,,,,,,,,,,,,,,,,,,,,,,,,,,,,,,,,,
G:\ML\learn20240705_m15_shijukara\data\sounds\kumamoto_yatsushiro_yamagara_shijukara.MP3,75,5,karasu1,karasu2,,,,,,,,,,,,,,,,,,,,,,,,,,,,,,,,,,,,,,,,,,,,,,,,,,,,,,,,,,,,,,,,,,,,,,,,,,,,,,,,,,,,,,,,,,,,,,,,,,,,,,,,,,,,,,,,,,,,,,,,,,,,,,,,,,,
G:\ML\learn20240705_m15_shijukara\data\sounds\kumamoto_yatsushiro_yamagara_shijukara.MP3,80,5,ND,,,,,,,,,,,,,,,,,,,,,,,,,,,,,,,,,,,,,,,,,,,,,,,,,,,,,,,,,,,,,,,,,,,,,,,,,,,,,,,,,,,,,,,,,,,,,,,,,,,,,,,,,,,,,,,,,,,,,,,,,,,,,,,,,,,,
G:\ML\learn20240705_m15_shijukara\data\sounds\kumamoto_yatsushiro_yamagara_shijukara.MP3,85,5,car,shijukara1,,,,,,,,,,,,,,,,,,,,,,,,,,,,,,,,,,,,,,,,,,,,,,,,,,,,,,,,,,,,,,,,,,,,,,,,,,,,,,,,,,,,,,,,,,,,,,,,,,,,,,,,,,,,,,,,,,,,,,,,,,,,,,,,,,,
G:\ML\learn20240705_m15_shijukara\data\sounds\kumamoto_yatsushiro_yamagara_shijukara.MP3,90,5,car,shijukara1,,,,,,,,,,,,,,,,,,,,,,,,,,,,,,,,,,,,,,,,,,,,,,,,,,,,,,,,,,,,,,,,,,,,,,,,,,,,,,,,,,,,,,,,,,,,,,,,,,,,,,,,,,,,,,,,,,,,,,,,,,,,,,,,,,,
G:\ML\learn20240705_m15_shijukara\data\sounds\kumamoto_yatsushiro_yamagara_shijukara.MP3,95,5,ND,,,,,,,,,,,,,,,,,,,,,,,,,,,,,,,,,,,,,,,,,,,,,,,,,,,,,,,,,,,,,,,,,,,,,,,,,,,,,,,,,,,,,,,,,,,,,,,,,,,,,,,,,,,,,,,,,,,,,,,,,,,,,,,,,,,,
G:\ML\learn20240705_m15_shijukara\data\sounds\kumamoto_yatsushiro_yamagara_shijukara.MP3,100,5,car,shijukara1,,,,,,,,,,,,,,,,,,,,,,,,,,,,,,,,,,,,,,,,,,,,,,,,,,,,,,,,,,,,,,,,,,,,,,,,,,,,,,,,,,,,,,,,,,,,,,,,,,,,,,,,,,,,,,,,,,,,,,,,,,,,,,,,,,,
G:\ML\learn20240705_m15_shijukara\data\sounds\okinawa_kunigami_yanbarukuina.wav,0,5,insect,insect2,insect5,water,,,,,,,,,,,,,,,,,,,,,,,,,,,,,,,,,,,,,,,,,,,,,,,,,,,,,,,,,,,,,,,,,,,,,,,,,,,,,,,,,,,,,,,,,,,,,,,,,,,,,,,,,,,,,,,,,,,,,,,,,,,,,,,,,
G:\ML\learn20240705_m15_shijukara\data\sounds\okinawa_kunigami_yanbarukuina.wav,5,5,insect,insect2,insect5,water,,,,,,,,,,,,,,,,,,,,,,,,,,,,,,,,,,,,,,,,,,,,,,,,,,,,,,,,,,,,,,,,,,,,,,,,,,,,,,,,,,,,,,,,,,,,,,,,,,,,,,,,,,,,,,,,,,,,,,,,,,,,,,,,,
G:\ML\learn20240705_m15_shijukara\data\sounds\okinawa_kunigami_yanbarukuina.wav,10,5,insect,insect2,insect5,water,,,,,,,,,,,,,,,,,,,,,,,,,,,,,,,,,,,,,,,,,,,,,,,,,,,,,,,,,,,,,,,,,,,,,,,,,,,,,,,,,,,,,,,,,,,,,,,,,,,,,,,,,,,,,,,,,,,,,,,,,,,,,,,,,
G:\ML\learn20240705_m15_shijukara\data\sounds\okinawa_kunigami_yanbarukuina.wav,15,5,insect,insect2,insect5,water,,,,,,,,,,,,,,,,,,,,,,,,,,,,,,,,,,,,,,,,,,,,,,,,,,,,,,,,,,,,,,,,,,,,,,,,,,,,,,,,,,,,,,,,,,,,,,,,,,,,,,,,,,,,,,,,,,,,,,,,,,,,,,,,,
G:\ML\learn20240705_m15_shijukara\data\sounds\okinawa_kunigami_yanbarukuina.wav,20,5,insect,insect2,insect5,water,,,,,,,,,,,,,,,,,,,,,,,,,,,,,,,,,,,,,,,,,,,,,,,,,,,,,,,,,,,,,,,,,,,,,,,,,,,,,,,,,,,,,,,,,,,,,,,,,,,,,,,,,,,,,,,,,,,,,,,,,,,,,,,,,
G:\ML\learn20240705_m15_shijukara\data\sounds\okinawa_kunigami_yanbarukuina.wav,25,5,insect,insect2,insect5,water,,,,,,,,,,,,,,,,,,,,,,,,,,,,,,,,,,,,,,,,,,,,,,,,,,,,,,,,,,,,,,,,,,,,,,,,,,,,,,,,,,,,,,,,,,,,,,,,,,,,,,,,,,,,,,,,,,,,,,,,,,,,,,,,,
G:\ML\learn20240705_m15_shijukara\data\sounds\okinawa_kunigami_yanbarukuina.wav,30,5,insect,insect2,insect5,water,,,,,,,,,,,,,,,,,,,,,,,,,,,,,,,,,,,,,,,,,,,,,,,,,,,,,,,,,,,,,,,,,,,,,,,,,,,,,,,,,,,,,,,,,,,,,,,,,,,,,,,,,,,,,,,,,,,,,,,,,,,,,,,,,
G:\ML\learn20240705_m15_shijukara\data\sounds\okinawa_kunigami_yanbarukuina.wav,35,5,insect,insect2,insect5,water,,,,,,,,,,,,,,,,,,,,,,,,,,,,,,,,,,,,,,,,,,,,,,,,,,,,,,,,,,,,,,,,,,,,,,,,,,,,,,,,,,,,,,,,,,,,,,,,,,,,,,,,,,,,,,,,,,,,,,,,,,,,,,,,,
G:\ML\learn20240705_m15_shijukara\data\sounds\okinawa_kunigami_yanbarukuina.wav,40,5,insect,insect2,insect5,water,,,,,,,,,,,,,,,,,,,,,,,,,,,,,,,,,,,,,,,,,,,,,,,,,,,,,,,,,,,,,,,,,,,,,,,,,,,,,,,,,,,,,,,,,,,,,,,,,,,,,,,,,,,,,,,,,,,,,,,,,,,,,,,,,
G:\ML\learn20240705_m15_shijukara\data\sounds\okinawa_kunigami_yanbarukuina.wav,45,5,insect,insect2,insect5,water,,,,,,,,,,,,,,,,,,,,,,,,,,,,,,,,,,,,,,,,,,,,,,,,,,,,,,,,,,,,,,,,,,,,,,,,,,,,,,,,,,,,,,,,,,,,,,,,,,,,,,,,,,,,,,,,,,,,,,,,,,,,,,,,,
G:\ML\learn20240705_m15_shijukara\data\sounds\okinawa_kunigami_yanbarukuina.wav,50,5,insect,insect2,insect5,water,,,,,,,,,,,,,,,,,,,,,,,,,,,,,,,,,,,,,,,,,,,,,,,,,,,,,,,,,,,,,,,,,,,,,,,,,,,,,,,,,,,,,,,,,,,,,,,,,,,,,,,,,,,,,,,,,,,,,,,,,,,,,,,,,
G:\ML\learn20240705_m15_shijukara\data\sounds\okinawa_kunigami_yanbarukuina.wav,55,5,insect,insect2,insect5,water,,,,,,,,,,,,,,,,,,,,,,,,,,,,,,,,,,,,,,,,,,,,,,,,,,,,,,,,,,,,,,,,,,,,,,,,,,,,,,,,,,,,,,,,,,,,,,,,,,,,,,,,,,,,,,,,,,,,,,,,,,,,,,,,,
G:\ML\learn20240705_m15_shijukara\data\sounds\okinawa_kunigami_yanbarukuina.wav,60,5,insect,insect2,insect5,water,,,,,,,,,,,,,,,,,,,,,,,,,,,,,,,,,,,,,,,,,,,,,,,,,,,,,,,,,,,,,,,,,,,,,,,,,,,,,,,,,,,,,,,,,,,,,,,,,,,,,,,,,,,,,,,,,,,,,,,,,,,,,,,,,
G:\ML\learn20240705_m15_shijukara\data\sounds\okinawa_kunigami_yanbarukuina.wav,65,5,insect,insect2,insect5,water,,,,,,,,,,,,,,,,,,,,,,,,,,,,,,,,,,,,,,,,,,,,,,,,,,,,,,,,,,,,,,,,,,,,,,,,,,,,,,,,,,,,,,,,,,,,,,,,,,,,,,,,,,,,,,,,,,,,,,,,,,,,,,,,,
G:\ML\learn20240705_m15_shijukara\data\sounds\okinawa_kunigami_yanbarukuina.wav,70,5,insect,insect2,insect5,water,,,,,,,,,,,,,,,,,,,,,,,,,,,,,,,,,,,,,,,,,,,,,,,,,,,,,,,,,,,,,,,,,,,,,,,,,,,,,,,,,,,,,,,,,,,,,,,,,,,,,,,,,,,,,,,,,,,,,,,,,,,,,,,,,
G:\ML\learn20240705_m15_shijukara\data\sounds\okinawa_kunigami_yanbarukuina.wav,75,5,insect,insect2,insect5,water,,,,,,,,,,,,,,,,,,,,,,,,,,,,,,,,,,,,,,,,,,,,,,,,,,,,,,,,,,,,,,,,,,,,,,,,,,,,,,,,,,,,,,,,,,,,,,,,,,,,,,,,,,,,,,,,,,,,,,,,,,,,,,,,,
G:\ML\learn20240705_m15_shijukara\data\sounds\okinawa_kunigami_yanbarukuina.wav,80,5,insect,insect2,insect5,water,,,,,,,,,,,,,,,,,,,,,,,,,,,,,,,,,,,,,,,,,,,,,,,,,,,,,,,,,,,,,,,,,,,,,,,,,,,,,,,,,,,,,,,,,,,,,,,,,,,,,,,,,,,,,,,,,,,,,,,,,,,,,,,,,
G:\ML\learn20240705_m15_shijukara\data\sounds\okinawa_kunigami_yanbarukuina.wav,85,5,insect,insect2,insect5,water,,,,,,,,,,,,,,,,,,,,,,,,,,,,,,,,,,,,,,,,,,,,,,,,,,,,,,,,,,,,,,,,,,,,,,,,,,,,,,,,,,,,,,,,,,,,,,,,,,,,,,,,,,,,,,,,,,,,,,,,,,,,,,,,,
G:\ML\learn20240705_m15_shijukara\data\sounds\okinawa_kunigami_yanbarukuina.wav,90,5,insect,insect2,insect5,water,,,,,,,,,,,,,,,,,,,,,,,,,,,,,,,,,,,,,,,,,,,,,,,,,,,,,,,,,,,,,,,,,,,,,,,,,,,,,,,,,,,,,,,,,,,,,,,,,,,,,,,,,,,,,,,,,,,,,,,,,,,,,,,,,
G:\ML\learn20240705_m15_shijukara\data\sounds\okinawa_kunigami_yanbarukuina.wav,95,5,insect2,insect5,,,,,,,,,,,,,,,,,,,,,,,,,,,,,,,,,,,,,,,,,,,,,,,,,,,,,,,,,,,,,,,,,,,,,,,,,,,,,,,,,,,,,,,,,,,,,,,,,,,,,,,,,,,,,,,,,,,,,,,,,,,,,,,,,,,
G:\ML\learn20240705_m15_shijukara\data\sounds\okinawa_kunigami_yanbarukuina.wav,100,5,car,,,,,,,,,,,,,,,,,,,,,,,,,,,,,,,,,,,,,,,,,,,,,,,,,,,,,,,,,,,,,,,,,,,,,,,,,,,,,,,,,,,,,,,,,,,,,,,,,,,,,,,,,,,,,,,,,,,,,,,,,,,,,,,,,,,,
G:\ML\learn20240705_m15_shijukara\data\sounds\okinawa_kunigami_yanbarukuina.wav,105,5,insect,insect2,insect5,kuina,water,,,,,,,,,,,,,,,,,,,,,,,,,,,,,,,,,,,,,,,,,,,,,,,,,,,,,,,,,,,,,,,,,,,,,,,,,,,,,,,,,,,,,,,,,,,,,,,,,,,,,,,,,,,,,,,,,,,,,,,,,,,,,,,,
G:\ML\learn20240705_m15_shijukara\data\sounds\okinawa_kunigami_yanbarukuina.wav,110,5,insect,insect2,insect5,kuina,water,,,,,,,,,,,,,,,,,,,,,,,,,,,,,,,,,,,,,,,,,,,,,,,,,,,,,,,,,,,,,,,,,,,,,,,,,,,,,,,,,,,,,,,,,,,,,,,,,,,,,,,,,,,,,,,,,,,,,,,,,,,,,,,,
G:\ML\learn20240705_m15_shijukara\data\sounds\okinawa_kunigami_yanbarukuina.wav,115,5,insect,insect2,insect5,kuina,water,,,,,,,,,,,,,,,,,,,,,,,,,,,,,,,,,,,,,,,,,,,,,,,,,,,,,,,,,,,,,,,,,,,,,,,,,,,,,,,,,,,,,,,,,,,,,,,,,,,,,,,,,,,,,,,,,,,,,,,,,,,,,,,,
G:\ML\learn20240705_m15_shijukara\data\sounds\okinawa_kunigami_yanbarukuina.wav,120,5,insect,insect2,insect5,kuina,water,,,,,,,,,,,,,,,,,,,,,,,,,,,,,,,,,,,,,,,,,,,,,,,,,,,,,,,,,,,,,,,,,,,,,,,,,,,,,,,,,,,,,,,,,,,,,,,,,,,,,,,,,,,,,,,,,,,,,,,,,,,,,,,,
G:\ML\learn20240705_m15_shijukara\data\sounds\okinawa_kunigami_yanbarukuina.wav,125,5,insect,insect2,insect5,kuina,water,,,,,,,,,,,,,,,,,,,,,,,,,,,,,,,,,,,,,,,,,,,,,,,,,,,,,,,,,,,,,,,,,,,,,,,,,,,,,,,,,,,,,,,,,,,,,,,,,,,,,,,,,,,,,,,,,,,,,,,,,,,,,,,,
G:\ML\learn20240705_m15_shijukara\data\sounds\okinawa_kunigami_yanbarukuina.wav,130,5,insect,insect2,insect5,kuina,water,,,,,,,,,,,,,,,,,,,,,,,,,,,,,,,,,,,,,,,,,,,,,,,,,,,,,,,,,,,,,,,,,,,,,,,,,,,,,,,,,,,,,,,,,,,,,,,,,,,,,,,,,,,,,,,,,,,,,,,,,,,,,,,,
G:\ML\learn20240705_m15_shijukara\data\sounds\okinawa_kunigami_yanbarukuina.wav,135,5,insect,insect2,insect5,kuina,water,,,,,,,,,,,,,,,,,,,,,,,,,,,,,,,,,,,,,,,,,,,,,,,,,,,,,,,,,,,,,,,,,,,,,,,,,,,,,,,,,,,,,,,,,,,,,,,,,,,,,,,,,,,,,,,,,,,,,,,,,,,,,,,,
G:\ML\learn20240705_m15_shijukara\data\sounds\okinawa_kunigami_yanbarukuina.wav,140,5,insect,insect2,insect5,kuina,water,,,,,,,,,,,,,,,,,,,,,,,,,,,,,,,,,,,,,,,,,,,,,,,,,,,,,,,,,,,,,,,,,,,,,,,,,,,,,,,,,,,,,,,,,,,,,,,,,,,,,,,,,,,,,,,,,,,,,,,,,,,,,,,,
G:\ML\learn20240705_m15_shijukara\data\sounds\okinawa_kunigami_yanbarukuina.wav,145,5,insect,insect2,insect5,kuina,water,,,,,,,,,,,,,,,,,,,,,,,,,,,,,,,,,,,,,,,,,,,,,,,,,,,,,,,,,,,,,,,,,,,,,,,,,,,,,,,,,,,,,,,,,,,,,,,,,,,,,,,,,,,,,,,,,,,,,,,,,,,,,,,,
G:\ML\learn20240705_m15_shijukara\data\sounds\okinawa_kunigami_yanbarukuina.wav,150,5,insect,insect2,insect5,kuina,water,,,,,,,,,,,,,,,,,,,,,,,,,,,,,,,,,,,,,,,,,,,,,,,,,,,,,,,,,,,,,,,,,,,,,,,,,,,,,,,,,,,,,,,,,,,,,,,,,,,,,,,,,,,,,,,,,,,,,,,,,,,,,,,,
G:\ML\learn20240705_m15_shijukara\data\sounds\okinawa_kunigami_yanbarukuina.wav,155,5,insect,insect2,insect5,kuina,water,,,,,,,,,,,,,,,,,,,,,,,,,,,,,,,,,,,,,,,,,,,,,,,,,,,,,,,,,,,,,,,,,,,,,,,,,,,,,,,,,,,,,,,,,,,,,,,,,,,,,,,,,,,,,,,,,,,,,,,,,,,,,,,,
G:\ML\learn20240705_m15_shijukara\data\sounds\okinawa_kunigami_yanbarukuina.wav,160,5,insect,insect2,insect5,kuina,water,,,,,,,,,,,,,,,,,,,,,,,,,,,,,,,,,,,,,,,,,,,,,,,,,,,,,,,,,,,,,,,,,,,,,,,,,,,,,,,,,,,,,,,,,,,,,,,,,,,,,,,,,,,,,,,,,,,,,,,,,,,,,,,,
G:\ML\learn20240705_m15_shijukara\data\sounds\okinawa_kunigami_yanbarukuina.wav,165,5,insect,insect2,insect5,kuina,water,,,,,,,,,,,,,,,,,,,,,,,,,,,,,,,,,,,,,,,,,,,,,,,,,,,,,,,,,,,,,,,,,,,,,,,,,,,,,,,,,,,,,,,,,,,,,,,,,,,,,,,,,,,,,,,,,,,,,,,,,,,,,,,,
G:\ML\learn20240705_m15_shijukara\data\sounds\okinawa_kunigami_yanbarukuina.wav,170,5,insect,insect2,insect5,water,,,,,,,,,,,,,,,,,,,,,,,,,,,,,,,,,,,,,,,,,,,,,,,,,,,,,,,,,,,,,,,,,,,,,,,,,,,,,,,,,,,,,,,,,,,,,,,,,,,,,,,,,,,,,,,,,,,,,,,,,,,,,,,,,
G:\ML\learn20240705_m15_shijukara\data\sounds\okinawa_kunigami_yanbarukuina.wav,175,5,insect,insect2,insect5,water,,,,,,,,,,,,,,,,,,,,,,,,,,,,,,,,,,,,,,,,,,,,,,,,,,,,,,,,,,,,,,,,,,,,,,,,,,,,,,,,,,,,,,,,,,,,,,,,,,,,,,,,,,,,,,,,,,,,,,,,,,,,,,,,,
G:\ML\learn20240705_m15_shijukara\data\sounds\okinawa_kunigami_yanbarukuina.wav,180,5,insect,insect2,insect5,kuina,water,,,,,,,,,,,,,,,,,,,,,,,,,,,,,,,,,,,,,,,,,,,,,,,,,,,,,,,,,,,,,,,,,,,,,,,,,,,,,,,,,,,,,,,,,,,,,,,,,,,,,,,,,,,,,,,,,,,,,,,,,,,,,,,,
G:\ML\learn20240705_m15_shijukara\data\sounds\okinawa_kunigami_yanbarukuina.wav,185,5,insect,insect2,insect5,kuina,water,,,,,,,,,,,,,,,,,,,,,,,,,,,,,,,,,,,,,,,,,,,,,,,,,,,,,,,,,,,,,,,,,,,,,,,,,,,,,,,,,,,,,,,,,,,,,,,,,,,,,,,,,,,,,,,,,,,,,,,,,,,,,,,,
G:\ML\learn20240705_m15_shijukara\data\sounds\okinawa_kunigami_yanbarukuina.wav,190,5,insect,insect2,insect5,kuina,water,,,,,,,,,,,,,,,,,,,,,,,,,,,,,,,,,,,,,,,,,,,,,,,,,,,,,,,,,,,,,,,,,,,,,,,,,,,,,,,,,,,,,,,,,,,,,,,,,,,,,,,,,,,,,,,,,,,,,,,,,,,,,,,,
G:\ML\learn20240705_m15_shijukara\data\sounds\okinawa_kunigami_yanbarukuina.wav,195,5,insect,insect2,insect5,kuina,water,,,,,,,,,,,,,,,,,,,,,,,,,,,,,,,,,,,,,,,,,,,,,,,,,,,,,,,,,,,,,,,,,,,,,,,,,,,,,,,,,,,,,,,,,,,,,,,,,,,,,,,,,,,,,,,,,,,,,,,,,,,,,,,,
G:\ML\learn20240705_m15_shijukara\data\sounds\okinawa_kunigami_yanbarukuina.wav,200,5,insect,insect2,insect5,kuina,water,,,,,,,,,,,,,,,,,,,,,,,,,,,,,,,,,,,,,,,,,,,,,,,,,,,,,,,,,,,,,,,,,,,,,,,,,,,,,,,,,,,,,,,,,,,,,,,,,,,,,,,,,,,,,,,,,,,,,,,,,,,,,,,,
G:\ML\learn20240705_m15_shijukara\data\sounds\okinawa_kunigami_yanbarukuina.wav,205,5,insect,insect2,insect5,kuina,water,,,,,,,,,,,,,,,,,,,,,,,,,,,,,,,,,,,,,,,,,,,,,,,,,,,,,,,,,,,,,,,,,,,,,,,,,,,,,,,,,,,,,,,,,,,,,,,,,,,,,,,,,,,,,,,,,,,,,,,,,,,,,,,,
G:\ML\learn20240705_m15_shijukara\data\sounds\okinawa_kunigami_yanbarukuina.wav,210,5,insect,insect2,insect5,kuina,water,,,,,,,,,,,,,,,,,,,,,,,,,,,,,,,,,,,,,,,,,,,,,,,,,,,,,,,,,,,,,,,,,,,,,,,,,,,,,,,,,,,,,,,,,,,,,,,,,,,,,,,,,,,,,,,,,,,,,,,,,,,,,,,,
G:\ML\learn20240705_m15_shijukara\data\sounds\okinawa_kunigami_yanbarukuina.wav,215,5,insect,insect2,insect5,kuina,water,,,,,,,,,,,,,,,,,,,,,,,,,,,,,,,,,,,,,,,,,,,,,,,,,,,,,,,,,,,,,,,,,,,,,,,,,,,,,,,,,,,,,,,,,,,,,,,,,,,,,,,,,,,,,,,,,,,,,,,,,,,,,,,,
G:\ML\learn20240705_m15_shijukara\data\sounds\okinawa_kunigami_yanbarukuina.wav,220,5,insect,insect2,insect5,kuina,water,,,,,,,,,,,,,,,,,,,,,,,,,,,,,,,,,,,,,,,,,,,,,,,,,,,,,,,,,,,,,,,,,,,,,,,,,,,,,,,,,,,,,,,,,,,,,,,,,,,,,,,,,,,,,,,,,,,,,,,,,,,,,,,,
G:\ML\learn20240705_m15_shijukara\data\sounds\okinawa_kunigami_yanbarukuina.wav,225,5,insect,insect2,insect5,kuina,water,,,,,,,,,,,,,,,,,,,,,,,,,,,,,,,,,,,,,,,,,,,,,,,,,,,,,,,,,,,,,,,,,,,,,,,,,,,,,,,,,,,,,,,,,,,,,,,,,,,,,,,,,,,,,,,,,,,,,,,,,,,,,,,,
G:\ML\learn20240705_m15_shijukara\data\sounds\okinawa_kunigami_yanbarukuina.wav,230,5,insect,insect2,insect5,kuina,water,,,,,,,,,,,,,,,,,,,,,,,,,,,,,,,,,,,,,,,,,,,,,,,,,,,,,,,,,,,,,,,,,,,,,,,,,,,,,,,,,,,,,,,,,,,,,,,,,,,,,,,,,,,,,,,,,,,,,,,,,,,,,,,,
G:\ML\learn20240705_m15_shijukara\data\sounds\okinawa_kunigami_yanbarukuina.wav,235,5,insect,insect2,insect5,kuina,water,,,,,,,,,,,,,,,,,,,,,,,,,,,,,,,,,,,,,,,,,,,,,,,,,,,,,,,,,,,,,,,,,,,,,,,,,,,,,,,,,,,,,,,,,,,,,,,,,,,,,,,,,,,,,,,,,,,,,,,,,,,,,,,,
G:\ML\learn20240705_m15_shijukara\data\sounds\okinawa_kunigami_yanbarukuina.wav,240,5,insect,insect2,insect5,kuina,water,,,,,,,,,,,,,,,,,,,,,,,,,,,,,,,,,,,,,,,,,,,,,,,,,,,,,,,,,,,,,,,,,,,,,,,,,,,,,,,,,,,,,,,,,,,,,,,,,,,,,,,,,,,,,,,,,,,,,,,,,,,,,,,,
G:\ML\learn20240705_m15_shijukara\data\sounds\okinawa_kunigami_yanbarukuina.wav,245,5,insect,insect2,insect5,water,,,,,,,,,,,,,,,,,,,,,,,,,,,,,,,,,,,,,,,,,,,,,,,,,,,,,,,,,,,,,,,,,,,,,,,,,,,,,,,,,,,,,,,,,,,,,,,,,,,,,,,,,,,,,,,,,,,,,,,,,,,,,,,,,
G:\ML\learn20240705_m15_shijukara\data\sounds\okinawa_kunigami_yanbarukuina.wav,250,5,insect,insect2,insect5,water,,,,,,,,,,,,,,,,,,,,,,,,,,,,,,,,,,,,,,,,,,,,,,,,,,,,,,,,,,,,,,,,,,,,,,,,,,,,,,,,,,,,,,,,,,,,,,,,,,,,,,,,,,,,,,,,,,,,,,,,,,,,,,,,,
G:\ML\learn20240705_m15_shijukara\data\sounds\okinawa_kunigami_yanbarukuina.wav,255,5,insect,insect2,insect5,water,,,,,,,,,,,,,,,,,,,,,,,,,,,,,,,,,,,,,,,,,,,,,,,,,,,,,,,,,,,,,,,,,,,,,,,,,,,,,,,,,,,,,,,,,,,,,,,,,,,,,,,,,,,,,,,,,,,,,,,,,,,,,,,,,
G:\ML\learn20240705_m15_shijukara\data\sounds\okinawa_kunigami_yanbarukuina.wav,260,5,insect,insect2,insect5,water,,,,,,,,,,,,,,,,,,,,,,,,,,,,,,,,,,,,,,,,,,,,,,,,,,,,,,,,,,,,,,,,,,,,,,,,,,,,,,,,,,,,,,,,,,,,,,,,,,,,,,,,,,,,,,,,,,,,,,,,,,,,,,,,,
G:\ML\learn20240705_m15_shijukara\data\sounds\okinawa_kunigami_yanbarukuina.wav,265,5,insect,insect2,insect5,water,,,,,,,,,,,,,,,,,,,,,,,,,,,,,,,,,,,,,,,,,,,,,,,,,,,,,,,,,,,,,,,,,,,,,,,,,,,,,,,,,,,,,,,,,,,,,,,,,,,,,,,,,,,,,,,,,,,,,,,,,,,,,,,,,
G:\ML\learn20240705_m15_shijukara\data\sounds\okinawa_kunigami_yanbarukuina.wav,270,5,insect,insect2,insect5,water,,,,,,,,,,,,,,,,,,,,,,,,,,,,,,,,,,,,,,,,,,,,,,,,,,,,,,,,,,,,,,,,,,,,,,,,,,,,,,,,,,,,,,,,,,,,,,,,,,,,,,,,,,,,,,,,,,,,,,,,,,,,,,,,,
G:\ML\learn20240705_m15_shijukara\data\sounds\okinawa_kunigami_yanbarukuina.wav,275,5,insect,insect2,insect5,water,,,,,,,,,,,,,,,,,,,,,,,,,,,,,,,,,,,,,,,,,,,,,,,,,,,,,,,,,,,,,,,,,,,,,,,,,,,,,,,,,,,,,,,,,,,,,,,,,,,,,,,,,,,,,,,,,,,,,,,,,,,,,,,,,
G:\ML\learn20240705_m15_shijukara\data\sounds\okinawa_kunigami_yanbarukuina.wav,280,5,insect,insect2,insect5,water,,,,,,,,,,,,,,,,,,,,,,,,,,,,,,,,,,,,,,,,,,,,,,,,,,,,,,,,,,,,,,,,,,,,,,,,,,,,,,,,,,,,,,,,,,,,,,,,,,,,,,,,,,,,,,,,,,,,,,,,,,,,,,,,,
G:\ML\learn20240705_m15_shijukara\data\sounds\okinawa_kunigami_yanbarukuina.wav,285,5,insect,insect2,insect5,water,,,,,,,,,,,,,,,,,,,,,,,,,,,,,,,,,,,,,,,,,,,,,,,,,,,,,,,,,,,,,,,,,,,,,,,,,,,,,,,,,,,,,,,,,,,,,,,,,,,,,,,,,,,,,,,,,,,,,,,,,,,,,,,,,
G:\ML\learn20240705_m15_shijukara\data\sounds\okinawa_kunigami_yanbarukuina.wav,290,5,insect,insect2,insect5,water,,,,,,,,,,,,,,,,,,,,,,,,,,,,,,,,,,,,,,,,,,,,,,,,,,,,,,,,,,,,,,,,,,,,,,,,,,,,,,,,,,,,,,,,,,,,,,,,,,,,,,,,,,,,,,,,,,,,,,,,,,,,,,,,,
G:\ML\learn20240705_m15_shijukara\data\sounds\okinawa_kunigami_yanbarukuina.wav,295,5,insect,insect2,insect5,water,,,,,,,,,,,,,,,,,,,,,,,,,,,,,,,,,,,,,,,,,,,,,,,,,,,,,,,,,,,,,,,,,,,,,,,,,,,,,,,,,,,,,,,,,,,,,,,,,,,,,,,,,,,,,,,,,,,,,,,,,,,,,,,,,
G:\ML\learn20240705_m15_shijukara\data\sounds\okinawa_kunigami_yanbarukuina.wav,300,5,insect,insect2,insect5,water,,,,,,,,,,,,,,,,,,,,,,,,,,,,,,,,,,,,,,,,,,,,,,,,,,,,,,,,,,,,,,,,,,,,,,,,,,,,,,,,,,,,,,,,,,,,,,,,,,,,,,,,,,,,,,,,,,,,,,,,,,,,,,,,,
G:\ML\learn20240705_m15_shijukara\data\sounds\okinawa_kunigami_yanbarukuina.wav,305,5,insect,insect2,insect5,water,,,,,,,,,,,,,,,,,,,,,,,,,,,,,,,,,,,,,,,,,,,,,,,,,,,,,,,,,,,,,,,,,,,,,,,,,,,,,,,,,,,,,,,,,,,,,,,,,,,,,,,,,,,,,,,,,,,,,,,,,,,,,,,,,
G:\ML\learn20240705_m15_shijukara\data\sounds\okinawa_kunigami_yanbarukuina.wav,310,5,insect,insect2,insect5,water,,,,,,,,,,,,,,,,,,,,,,,,,,,,,,,,,,,,,,,,,,,,,,,,,,,,,,,,,,,,,,,,,,,,,,,,,,,,,,,,,,,,,,,,,,,,,,,,,,,,,,,,,,,,,,,,,,,,,,,,,,,,,,,,,
G:\ML\learn20240705_m15_shijukara\data\sounds\okinawa_kunigami_yanbarukuina.wav,315,5,insect,insect2,insect5,water,,,,,,,,,,,,,,,,,,,,,,,,,,,,,,,,,,,,,,,,,,,,,,,,,,,,,,,,,,,,,,,,,,,,,,,,,,,,,,,,,,,,,,,,,,,,,,,,,,,,,,,,,,,,,,,,,,,,,,,,,,,,,,,,,
G:\ML\learn20240705_m15_shijukara\data\sounds\okinawa_kunigami_yanbarukuina.wav,320,5,insect,insect2,insect5,water,,,,,,,,,,,,,,,,,,,,,,,,,,,,,,,,,,,,,,,,,,,,,,,,,,,,,,,,,,,,,,,,,,,,,,,,,,,,,,,,,,,,,,,,,,,,,,,,,,,,,,,,,,,,,,,,,,,,,,,,,,,,,,,,,
G:\ML\learn20240705_m15_shijukara\data\sounds\okinawa_kunigami_yanbarukuina.wav,325,5,insect,insect2,insect5,water,,,,,,,,,,,,,,,,,,,,,,,,,,,,,,,,,,,,,,,,,,,,,,,,,,,,,,,,,,,,,,,,,,,,,,,,,,,,,,,,,,,,,,,,,,,,,,,,,,,,,,,,,,,,,,,,,,,,,,,,,,,,,,,,,
G:\ML\learn20240705_m15_shijukara\data\sounds\okinawa_kunigami_yanbarukuina.wav,330,5,insect,insect2,insect5,water,,,,,,,,,,,,,,,,,,,,,,,,,,,,,,,,,,,,,,,,,,,,,,,,,,,,,,,,,,,,,,,,,,,,,,,,,,,,,,,,,,,,,,,,,,,,,,,,,,,,,,,,,,,,,,,,,,,,,,,,,,,,,,,,,
G:\ML\learn20240705_m15_shijukara\data\sounds\okinawa_kunigami_yanbarukuina.wav,335,5,insect,insect2,insect5,water,,,,,,,,,,,,,,,,,,,,,,,,,,,,,,,,,,,,,,,,,,,,,,,,,,,,,,,,,,,,,,,,,,,,,,,,,,,,,,,,,,,,,,,,,,,,,,,,,,,,,,,,,,,,,,,,,,,,,,,,,,,,,,,,,
G:\ML\learn20240705_m15_shijukara\data\sounds\okinawa_kunigami_yanbarukuina.wav,340,5,insect,insect2,insect5,water,,,,,,,,,,,,,,,,,,,,,,,,,,,,,,,,,,,,,,,,,,,,,,,,,,,,,,,,,,,,,,,,,,,,,,,,,,,,,,,,,,,,,,,,,,,,,,,,,,,,,,,,,,,,,,,,,,,,,,,,,,,,,,,,,
G:\ML\learn20240705_m15_shijukara\data\sounds\okinawa_kunigami_yanbarukuina.wav,345,5,insect,insect2,insect5,water,,,,,,,,,,,,,,,,,,,,,,,,,,,,,,,,,,,,,,,,,,,,,,,,,,,,,,,,,,,,,,,,,,,,,,,,,,,,,,,,,,,,,,,,,,,,,,,,,,,,,,,,,,,,,,,,,,,,,,,,,,,,,,,,,
G:\ML\learn20240705_m15_shijukara\data\sounds\okinawa_kunigami_yanbarukuina.wav,350,5,insect,insect2,insect5,water,,,,,,,,,,,,,,,,,,,,,,,,,,,,,,,,,,,,,,,,,,,,,,,,,,,,,,,,,,,,,,,,,,,,,,,,,,,,,,,,,,,,,,,,,,,,,,,,,,,,,,,,,,,,,,,,,,,,,,,,,,,,,,,,,
G:\ML\learn20240705_m15_shijukara\data\sounds\okinawa_kunigami_yanbarukuina.wav,355,5,insect,insect2,insect5,water,,,,,,,,,,,,,,,,,,,,,,,,,,,,,,,,,,,,,,,,,,,,,,,,,,,,,,,,,,,,,,,,,,,,,,,,,,,,,,,,,,,,,,,,,,,,,,,,,,,,,,,,,,,,,,,,,,,,,,,,,,,,,,,,,