﻿File Path,Directory ID
G:\ML\learn20240705_m15_shijukara\data\sounds\kumamoto_ashikita_soshicho_uguisu.wav,ID_6ad15
G:\ML\learn20240705_m15_shijukara\data\sounds\kumamoto_ashikita_tsutsudori.wav,ID_6ad15
G:\ML\learn20240705_m15_shijukara\data\sounds\kumamoto_kumamoto_hiyodori_aburazemi_tsukutsukuboushi.wav,ID_6ad15
G:\ML\learn20240705_m15_shijukara\data\sounds\kumamoto_tamana_hohjiro.wav,ID_6ad15
G:\ML\learn20240705_m15_shijukara\data\sounds\kumamoto_tensui_hibari_karasu.wav,ID_6ad15
G:\ML\learn20240705_m15_shijukara\data\sounds\kumamoto_yatsushioro_nihonjika.wav,ID_6ad15
G:\ML\learn20240705_m15_shijukara\data\sounds\kumamoto_yatsushiro_hiyodori.wav,ID_6ad15
G:\ML\learn20240705_m15_shijukara\data\sounds\kumamoto_yatsushiro_hototogisu_hashibosokarasu.wav,ID_6ad15
G:\ML\learn20240705_m15_shijukara\data\sounds\kumamoto_yatsushiro_ikaru.wav,ID_6ad15
G:\ML\learn20240705_m15_shijukara\data\sounds\kumamoto_yatsushiro_kibitaki.wav,ID_6ad15
G:\ML\learn20240705_m15_shijukara\data\sounds\kumamoto_yatsushiro_uguisu_mejiro_hiyodori.wav,ID_6ad15
G:\ML\learn20240705_m15_shijukara\data\sounds\kumamoto_yatsushiro_yabusame.wav,ID_6ad15
G:\ML\learn20240705_m15_shijukara\data\sounds\kumamoto_yatsushiro_yamagara_shijukara.MP3,ID_6ad15
G:\ML\learn20240705_m15_shijukara\data\sounds\okinawa_kunigami_yanbarukuina.wav,ID_6ad15
